proxyWallet,asset,conditionId,avgPrice,totalBought,realizedPnl,curPrice,title,slug,icon,eventSlug,outcome,outcomeIndex,oppositeOutcome,oppositeAsset,endDate,timestamp,value,closed,size,initialValue,currentValue,percentPnl,percentRealizedPnl,redeemable,mergeable,eventId,negativeRisk
0x3657862e57070b82a289b5887ec943a7c2166b14,103876374672024039016436129933318546078573304533736749569928306286309397146808,0xd071b29e6dedfed0674b04a69fed6732ddb71e85974ba6c7bec859525eb80781,0.55,95807.71,-52694.2405,0,Ole Miss vs. Georgia: O/U 55.5,cfb-miss-ga-2026-01-01-total-55pt5,https://polymarket-upload.s3.us-east-2.amazonaws.com/espn+college+football+logo.png,cfb-miss-ga-2026-01-01,Under,1,Over,112487332198745370240073060291627654718048425449026460642668452071259952708974,2026-01-02,2026-01-02 00:00:00,52694.24050000001,False,95807.71,52694.2405,0.0,-99.9999,-100.0,True,False,125454,False
0x3657862e57070b82a289b5887ec943a7c2166b14,12992646636861004421424946993453857359413353170712425368193430999881174992024,0x067ce84d419e3269ef1055e1c396cfae0bc9bc41a9f7f5db37eacdd8bddf71cd,0.49000000000000005,6640.000000000001,466.57288,1,Troy vs. Jacksonville State,cfb-troy-jaxst-2025-12-16,https://polymarket-upload.s3.us-east-2.amazonaws.com/espn+college+football+logo.png,cfb-troy-jaxst-2025-12-16,Jacksonville State,1,Troy,10834294736685439735304990214097225195432550300210918184250892802881707158460,2025-12-17,2025-12-17 02:57:49,3253.600000000001,True,,,,,,,,105894,
0x3657862e57070b82a289b5887ec943a7c2166b14,65035845734716166814093148782018105346749826220417550390504659742485904692524,0x054056fd8b294f8b83e766a5855cff557872f6b7b061a6caa0ea7d89ca7bba04,0.479628,421247.453281,218784.130601,1,Flyers vs. Canadiens,nhl-phi-mon-2025-12-16,https://polymarket-upload.s3.us-east-2.amazonaws.com/nhl.png,nhl-phi-mon-2025-12-16,Flyers,0,Canadiens,65308501897451333265192705046018953498242488648932188427589494164708277585852,2025-12-17,2025-12-17 02:46:27,202042.07352225948,True,,,,,,,,85475,
0x3657862e57070b82a289b5887ec943a7c2166b14,62870451826259739621014995827851044748808187636853854700458073325333574904404,0x5abf1707811d9cf2fbcb031e967b8de5b81a538a9cc4849deaf3428bee7ebb2e,0.5701,744596.9647,-424545.3622,0,Flames vs. Sharks,nhl-cal-sj-2025-12-16,https://polymarket-upload.s3.us-east-2.amazonaws.com/nhl.png,nhl-cal-sj-2025-12-16,Flames,0,Sharks,40223503207979132870903413727110509992871116728538054538701668674539439084312,2025-12-17,2025-12-17 00:00:00,424494.72957547003,False,744596.9647,424545.3622,0.0,-99.9999,-100.0,True,False,85480,False
0x3657862e57070b82a289b5887ec943a7c2166b14,70398237237291592859180449542215720715277254780513372515231406909789722517762,0xb91c60e498ad26b80988e13194fa7071ac6fda4f417134cb0994580aed2ac101,0.935984,5341.968083,336.628951,1,Indiana Hoosiers vs. Kentucky Wildcats,cbb-ind-uk-2025-12-13,https://polymarket-upload.s3.us-east-2.amazonaws.com/ncaa-c14995df96.png,cbb-ind-uk-2025-12-13,Kentucky Wildcats,1,Indiana Hoosiers,87108686097924598125422932656119627614995338391822589378909609052232552883384,2025-12-14,2025-12-14 05:01:35,4999.996654198672,True,,,,,,,,99394,
0x3657862e57070b82a289b5887ec943a7c2166b14,89448093092231532166757549541579677037688683966355384278884223063561207453811,0x4f909696b55cfdcbda5a204b36d6b7988210923d9086f240f2f72e849af81c9b,0.8699990000000001,30444.091953,3957.762397,1,Will Arsenal FC win on 2025-12-13?,epl-ars-wol-2025-12-13-ars,https://polymarket-upload.s3.us-east-2.amazonaws.com/Repetitive-markets/premier+league.jpg,epl-ars-wol-2025-12-13,Yes,0,No,60876242487202378925529375878196319286207272963827417143853418180968863375826,2025-12-13,2025-12-14 02:41:59,26486.32955501805,True,,,,,,,,93758,
0x3657862e57070b82a289b5887ec943a7c2166b14,97910318351565548472622231158796282926763396099122802195697321924631892383520,0x7112209bdb9b92c52b790a0067a7e11e30b9b364486f84a0517149ed956c27aa,0.9,685.34,68.534,1,Michigan State Spartans vs. Penn State Nittany Lions,cbb-mst-pennst-2025-12-13,https://polymarket-upload.s3.us-east-2.amazonaws.com/ncaa-c14995df96.png,cbb-mst-pennst-2025-12-13,Michigan State Spartans,0,Penn State Nittany Lions,56405221473111616173021036687101039017683846060902221895236451837642660269216,2025-12-13,2025-12-14 00:52:23,616.806,True,,,,,,,,99387,
0x3657862e57070b82a289b5887ec943a7c2166b14,83099694799261768650086400562235231333108076228325996848479636958642777729751,0x9aa73bfe5123a44867e959acb8c2d1e7d91cbe66a9f684895b821576101273c7,0.9099,28713.6703,-26129.4112,0,Spurs vs. Thunder,nba-sas-okc-2025-12-13,https://polymarket-upload.s3.us-east-2.amazonaws.com/super+cool+basketball+in+red+and+blue+wow.png,nba-sas-okc-2025-12-13,Thunder,1,Spurs,34755544515650133041459672741616096774878868408877889121617230568320007747299,2025-12-14,2025-12-14 00:00:00,26126.568605970002,False,28713.6703,26129.4112,0.0,-99.9999,-100.0,True,False,102395,False
0x3657862e57070b82a289b5887ec943a7c2166b14,22600883523922603308940035208026990679526921469657948846028347319771527250598,0x74aa5a6f8438efffd0c48d30178f609344ff06c2e5c7d95f9e80eb2d310e070a,0.981601,21660.7749,376.875737,1,Will Chelsea FC win on 2025-12-13?,epl-che-eve-2025-12-13-che,https://polymarket-upload.s3.us-east-2.amazonaws.com/Repetitive-markets/premier+league.jpg,epl-che-eve-2025-12-13,Yes,0,No,43535992623436700229571176782889104691353386265835994778530204518574083618406,2025-12-13,2025-12-13 16:58:15,21262.2383026149,True,,,,,,,,93750,
0x3657862e57070b82a289b5887ec943a7c2166b14,57412940977275887956943812910782785361675695031907816355657043595801868741270,0x278802c585952e483afaf22a533d11cd2b7821e53613fa6affb2323afebe98e5,0.529999,10922.641508,-324.937617,1,Ducks vs. Devils,nhl-ana-nj-2025-12-13,https://polymarket-upload.s3.us-east-2.amazonaws.com/nhl.png,nhl-ana-nj-2025-12-13,Devils,1,Ducks,113589277306839338401449306200980621053902594367416244687549951909685620097092,2025-12-13,2025-12-13 16:49:17,5788.989076598492,True,,,,,,,,82943,
0x3657862e57070b82a289b5887ec943a7c2166b14,8319713971058474684344534678042131778190596968608498417003234323342091395900,0x32ea88814f09f14e0d72e34298ed6e6f82272b1c887f7c676d44ca87e823d210,0.9312559999999999,21477.0218,1261.646062,1,Will Eintracht Frankfurt win on 2025-12-13?,bun-ein-aug-2025-12-13-ein,https://polymarket-upload.s3.us-east-2.amazonaws.com/league-bun.jpg,bun-ein-aug-2025-12-13,Yes,0,No,100227463833797026465776809888823342997932420278468766251893381462096350345488,2025-12-13,2025-12-13 16:31:31,20000.605413380796,True,,,,,,,,93752,
0x3657862e57070b82a289b5887ec943a7c2166b14,75557221621574814370885353856666988049414540629986780246515412247507366480536,0x3ddb5341aad88d494fd419591edc68d001f975e64d98923f0943a66db1493f81,0.429999,230789.626045,131468.137635,1,Will Nottingham Forest win on 2025-12-03?,epl-wol-not-2025-12-03-not,https://polymarket-upload.s3.us-east-2.amazonaws.com/Repetitive-markets/premier+league.jpg,epl-wol-not-2025-12-03,Yes,0,No,31815833890535208361715945426178347946912190125581457746750266762655361177624,2025-12-03,2025-12-09 04:57:39,99239.30840972396,True,,,,,,,,85862,
0x3657862e57070b82a289b5887ec943a7c2166b14,13024232674748558656881726514537791461428656910955936664242004928796841387185,0x17387eb99c61a212c6c999c06bb24219630f433625aeefe7004a11473f113aa2,0.733,13893.6466,-10184.1819,0,LoL: Cloud9 vs BNK FEARX (BO1),lol-c9-fox1-2025-12-08,https://polymarket-upload.s3.us-east-2.amazonaws.com/league-of-legends-61a4f083a6.png,lol-c9-fox1-2025-12-08,BNK FEARX,1,Cloud9,1286889351972987077211225929156921704790530677573056769479239020669073962758,2025-12-08,2025-12-08 00:00:00,10184.0429578,False,13893.6466,10184.1819,0.0,-99.9999,-100.0,True,False,92754,False
0x3657862e57070b82a289b5887ec943a7c2166b14,89062136554637645106569570664838812035010963361832797298254486917225439629146,0x5ac2e92a82ea41ec3a4d9332d323d8d198a8c9acc732b7e6373bd61f45e1df49,0.6899989999999999,10184.188403,3157.1085890000004,1,Counter-Strike: FaZe vs Passion UA (BO3),cs2-faze-pssnua-2025-12-07,https://polymarket-upload.s3.us-east-2.amazonaws.com/counter-strike-image-16c415c538.png,cs2-faze-pssnua-2025-12-07,FaZe,0,Passion UA,54956090965819006918015199317329813503156478664679332459223691084797135448319,2025-12-07,2025-12-07 21:23:05,7027.079813881596,True,,,,,,,,98917,
0x3657862e57070b82a289b5887ec943a7c2166b14,108501669947530708929443845379236309133866396377261372123915185764680866370931,0xc966a72e4a978860a9e0032fd5b37348cb551fb0a51cd89042e8f529d2f6be7f,0.895446,7034.12344,728.411262,1,Counter-Strike: B8 vs Natus Vincere (BO3),cs2-b8-navi-2025-12-07,https://polymarket-upload.s3.us-east-2.amazonaws.com/counter-strike-image-16c415c538.png,cs2-b8-navi-2025-12-07,Natus Vincere,1,B8,11622445507274979699411923985172998854895229588262506556116692168867735485063,2025-12-07,2025-12-07 16:10:49,6298.67769785424,True,,,,,,,,98916,
0x3657862e57070b82a289b5887ec943a7c2166b14,80438094594097678965318816351501632248243631678145790440985260136814389130635,0xd8fb9e7567f1d4d9cbcf9c31ea3461181fab7299d7483d019a911c6c056ad0e1,0.79,7800.0,1268.2787100000003,1,Will Lando Norris be the 2025 Drivers Champion?,will-lando-norris-be-the-2025-drivers-champion,https://polymarket-upload.s3.us-east-2.amazonaws.com/will-lando-norris-be-the-2025-drivers-champion-wtd-w02XwSsY.png,f1-drivers-champion,Yes,0,No,20460470065238694355342479102612119660444867108692975826045667264704084823317,2025-12-07,2025-12-07 14:21:17,6162.0,True,,,,,,,,19696,
0x3657862e57070b82a289b5887ec943a7c2166b14,20487896134179687428215036249444517151708817641360563798806719513489904280996,0xd1a957af1e2cb06ecfc4850b33600d28a2fc12e21c0d4420633e699acbe52038,0.774773,6347.44115,1364.1156350000003,1,Will US Cremonese win on 2025-12-07?,sea-cre-lec-2025-12-07-cre,https://polymarket-upload.s3.us-east-2.amazonaws.com/Serie-A-Logo.png,sea-cre-lec-2025-12-07,Yes,0,No,84790825109592686921163214391077540206466342916407016261511762286450593770527,2025-12-07,2025-12-07 13:20:17,4917.82602210895,True,,,,,,,,88914,
0x3657862e57070b82a289b5887ec943a7c2166b14,23819246028546737004274301280692329359312885050635628855970103341013628072904,0xbbbdac2f7583a4e12f3f8e026d5bc388fd9f6cb6ae27a78b13a329bd4213528a,0.84,1489.9404,-1251.5499,0,Will AZ win on 2025-12-07?,ere-az-goa-2025-12-07-az,https://polymarket-upload.s3.us-east-2.amazonaws.com/ere.png,ere-az-goa-2025-12-07,Yes,0,No,33297402062598743866838515613711658907211965298489207423673207175428107900891,2025-12-07,2025-12-07 00:00:00,1251.549936,False,1489.9404,1251.5499,0.0,-99.9999,-100.0,True,False,76991,True
0x3657862e57070b82a289b5887ec943a7c2166b14,58708685961586082680736962965198449778723558361866013789183674493411829577434,0x952a3a500d15c86ba4d8f98e03c4eb1af78c64744d4a57b78a9606ffd9cd91f7,0.5296,509638.5207,-269945.3316,0,Spread: Ravens (-5.5),nfl-pit-bal-2025-12-07-spread-home-5pt5,https://polymarket-upload.s3.us-east-2.amazonaws.com/nfl.png,nfl-pit-bal-2025-12-07,Ravens,0,Steelers,56240486315600118024487219760761410615766455132285886079637299038502101864168,2025-12-07,2025-12-07 00:00:00,269904.56056272,False,509638.5207,269945.3316,0.0,-99.9999,-100.0,True,False,89367,False
0x3657862e57070b82a289b5887ec943a7c2166b14,106030380401728095172804925879144487064714302208793465659991701064663527590860,0x890583532a17ef17c9d196005c78168bc8399aa525059ace154574b7e0b0577d,0.549074,687326.52818,-377393.126133,0,North Texas vs. Tulane,cfb-ntx-tulane-2025-12-05,https://polymarket-upload.s3.us-east-2.amazonaws.com/espn+college+football+logo.png,cfb-ntx-tulane-2025-12-05,North Texas,0,Tulane,64593616229088584770916490166157825674164301688945646722349952237376476851137,2025-12-06,2025-12-06 07:33:31,377393.1261339053,True,,,,,,,,95307,
0x3657862e57070b82a289b5887ec943a7c2166b14,85267897788071406800513999494826888035904600564113100546976967938069738327067,0x0a08897a026a98634501d9e88659f302dbc4c10dac471f02d7e9c774d0ff8152,0.6899989999999999,30076.550722,-20752.789920999996,0,Will Manchester United win on 2025-12-04?,epl-mun-wes-2025-12-04-mun,https://polymarket-upload.s3.us-east-2.amazonaws.com/Repetitive-markets/premier+league.jpg,epl-mun-wes-2025-12-04,Yes,0,No,1971612861777700063405203124020777662482454310219905926340856853609657234212,2025-12-04,2025-12-06 07:33:31,20752.789921629275,True,,,,,,,,86590,
0x3657862e57070b82a289b5887ec943a7c2166b14,104636923712878084455398403534693215893705491882606951092943092526184022318136,0xf455e3ea565b9544bb793cdf291ffd8e9dc5958f11483dc89ce54abb34a236fe,0.609766,214738.665407,-130940.33705000002,0,Clippers vs. Hawks,nba-lac-atl-2025-12-03,https://polymarket-upload.s3.us-east-2.amazonaws.com/super+cool+basketball+in+red+and+blue+wow.png,nba-lac-atl-2025-12-03,Hawks,1,Clippers,48099867828554374095924291177179897429189998817759876522231807223018616446622,2025-12-04,2025-12-06 07:33:31,130940.33705056476,True,,,,,,,,91694,
0x3657862e57070b82a289b5887ec943a7c2166b14,50308957576176567642928668574055513749939734861178241632179610761963733217860,0xf750039ad8b39525a28c77e33e61e0d2bb2d50673cfe688004d6b85555a77be7,0.609999,374603.868851,-228507.985395,0,Magic vs. Pistons,nba-orl-det-2025-11-28,https://polymarket-upload.s3.us-east-2.amazonaws.com/super+cool+basketball+in+red+and+blue+wow.png,nba-orl-det-2025-11-28,Pistons,1,Magic,82017778330598033381825718758371865346702011765112729582663253074588469218149,2025-11-29,2025-12-06 07:33:31,228507.98539524112,True,,,,,,,,87582,
0x3657862e57070b82a289b5887ec943a7c2166b14,70470946452839142660236882357804646285440042536175642920854496576425708268245,0x07becfab338c4ce2345b1bb9c93af18ccdfb7fd99ade590750f554d583d687ec,0.529999,182042.347357,-96482.262056,0,Capitals vs. Kings,nhl-wsh-lak-2025-12-02,https://polymarket-upload.s3.us-east-2.amazonaws.com/nhl.png,nhl-wsh-lak-2025-12-02,Kings,1,Capitals,41908658598925269706107026252790087923615329827366718661197683458477673702803,2025-12-02,2025-12-06 07:33:31,96482.26205686264,True,,,,,,,,73861,
0x3657862e57070b82a289b5887ec943a7c2166b14,72976224883747865431615809693906416656160914314698027281087385848109628422678,0xfc678ffee1849b0e710730e56854f4bc6e501602d4acf31f3336bb294750d9c9,0.538947,124863.834813,-67294.98918,0,Counter-Strike: FaZe vs TheMongolz (BO1),cs2-faze-mglz-2025-12-05,https://polymarket-upload.s3.us-east-2.amazonaws.com/counter-strike-image-16c415c538.png,cs2-faze-mglz-2025-12-05,FaZe,0,TheMongolz,8665752908067289312321881408078647163657366040225105125721135882032746129978,2025-12-05,2025-12-06 07:33:31,67294.9891809619,True,,,,,,,,97504,
0x3657862e57070b82a289b5887ec943a7c2166b14,77422826767275508156416023525187178200386723878545538311894958856368525011806,0x3c64454e3ee3bd190cdd3b4f32fee1b14843a4966bda72eebd22ba0a23d5639f,0.49000000000000005,399749.545685,-195877.277385,0,Chiefs vs. Cowboys: O/U 52.5,nfl-kc-dal-2025-11-27-total-52pt5,https://polymarket-upload.s3.us-east-2.amazonaws.com/nfl.png,nfl-kc-dal-2025-11-27,Under,1,Over,90788008440919883734311661623098614487233447500947297611369138568455332757828,2025-11-27,2025-12-06 07:33:31,195877.27738565003,True,,,,,,,,89350,
0x3657862e57070b82a289b5887ec943a7c2166b14,15426881279202818272512955583739702969215282046209385881921373390062006818778,0x93f5c5db604300d2729b3cb3954f5b4514fc2522a4b8f8e8ff4601602ed9c80e,0.519289,343540.037494,-178396.56253,0,Senators vs. Blues,nhl-ott-stl-2025-11-28,https://polymarket-upload.s3.us-east-2.amazonaws.com/nhl.png,nhl-ott-stl-2025-11-28,Senators,0,Blues,96408358196017221134765958457736124864765865774603013779532167470810000510910,2025-11-28,2025-12-06 07:33:31,178396.56253022177,True,,,,,,,,70528,
0x3657862e57070b82a289b5887ec943a7c2166b14,2462141407003623177352139956670593588766266457150434625233406682554290693325,0x26ac09b59894b2dc44d1a04883dc88634e9b989f24147d5c8533589da1a7a623,0.778728,71994.27278,-56063.956053,0,Bournemouth vs. Everton: O/U 1.5,epl-bou-eve-2025-12-02-total-1pt5,https://polymarket-upload.s3.us-east-2.amazonaws.com/Repetitive-markets/premier+league.jpg,epl-bou-eve-2025-12-02-more-markets,Over,0,Under,2033654781156132524573732576472098816892746558612182189678436967200408744074,2025-12-02,2025-12-06 07:33:31,56063.95605342384,True,,,,,,,,89845,
0x3657862e57070b82a289b5887ec943a7c2166b14,103821619123283449656302676569513585770347243680728931670315948714771505071634,0x52f13a5eaf375170189f326e58cc6d217515de1cf9e41bff17be7779ea9a295c,0.54,70999.957818,-38339.977221,0,Spread: Patriots (-7.5),nfl-nyg-ne-2025-12-01-spread-home-7pt5,https://polymarket-upload.s3.us-east-2.amazonaws.com/nfl.png,nfl-nyg-ne-2025-12-01,Giants,1,Patriots,18508413483771104636176620729953693881676306054057455788312812026480197215143,2025-12-02,2025-12-06 07:33:31,38339.97722172,True,,,,,,,,89364,
0x3657862e57070b82a289b5887ec943a7c2166b14,26421162657447456860809547599194315768927793018021019783716407106767352863255,0xb14d6a6928ad4e21ccc7c4cbe1aab77c8a7901d191d6ab6611da24bed6537c21,0.47952400000000006,377395.59,196425.34709999996,1,Wild vs. Flames,nhl-min-cal-2025-12-04,https://polymarket-upload.s3.us-east-2.amazonaws.com/nhl.png,nhl-min-cal-2025-12-04,Flames,1,Wild,24723721266045510503791823346568985910830955623844642371155934292127329690150,2025-12-04,2025-12-05 09:41:03,180970.24289916005,True,,,,,,,,75461,
0x3657862e57070b82a289b5887ec943a7c2166b14,97996668923114830889865045926588465909370072219631267583237905305000290634285,0x31be716f872ef738cf91a93c2fc732a714f489f334030df5d392b73183aa8524,0.555634,195722.506427,86972.42729,1,Senators vs. Canadiens,nhl-ott-mon-2025-12-02,https://polymarket-upload.s3.us-east-2.amazonaws.com/nhl.png,nhl-ott-mon-2025-12-02,Senators,0,Canadiens,27380679849908541636301156932137950667016672666003199683650635008289964387885,2025-12-02,2025-12-03 05:27:21,108750.0791360597,True,,,,,,,,73855,
0x3657862e57070b82a289b5887ec943a7c2166b14,27934333205209537373954951668875327636334133203224872229418354201879701688476,0xb327583790a45df95080fe5eaac6a1cc02d0fc4440b98990f27c0ad794cc00f6,0.629999,65038.716029,24064.389969,1,Spread: Utah (-1.5),nhl-utah-sj-2025-12-01-spread-away-1pt5,https://polymarket-upload.s3.us-east-2.amazonaws.com/nhl.png,nhl-utah-sj-2025-12-01,Sharks,1,Utah,91245635365740194444534609909405807767869959618042656594181857627356423875175,2025-12-02,2025-12-02 11:28:32,40974.32605955397,True,,,,,,,,72989,
0x3657862e57070b82a289b5887ec943a7c2166b14,55399073910241110321143566417499514761728667602612836054219373213410921198138,0xc8f4ceaa457bacb2c35df6412f65c50596f17a1d43734d86895a4ce510b4585e,0.713968,140749.911664,40258.978733,1,Cavaliers vs. Pacers,nba-cle-ind-2025-12-01,https://polymarket-upload.s3.us-east-2.amazonaws.com/super+cool+basketball+in+red+and+blue+wow.png,nba-cle-ind-2025-12-01,Cavaliers,0,Pacers,105805346739500992595592849942884155968780190054857892632628506313057317498606,2025-12-02,2025-12-02 06:49:40,100490.93293092276,True,,,,,,,,90112,
0x3657862e57070b82a289b5887ec943a7c2166b14,75082758571928648388994620953818770642472525287748260375879714018933222579981,0x302bb4d901c8fe550edede68f63e113cc83ae0d910258516080e8c56c79a44ea,0.719982,138892.235414,38892.325976,1,Broncos vs. Commanders,nfl-den-was-2025-11-30,https://polymarket-upload.s3.us-east-2.amazonaws.com/nfl.png,nfl-den-was-2025-11-30,Broncos,0,Commanders,97388455758572601868881827637172027879542430347516014763876340575431177931407,2025-12-01,2025-12-01 12:44:54,99999.90943784255,True,,,,,,,,89363,
0x3657862e57070b82a289b5887ec943a7c2166b14,103833774544125025532765182277440999572840100769701972769500875792759411624499,0xc1c9131de561179b3186d746557b3c3023ff52c263f699e50f399cc8b6c0aa73,0.738207,228013.96999999997,59692.46124799999,1,Ole Miss vs. Mississippi State,cfb-miss-mspst-2025-11-28,https://polymarket-upload.s3.us-east-2.amazonaws.com/espn+college+football+logo.png,cfb-miss-mspst-2025-11-28,Ole Miss,0,Mississippi State,86208596526013058345240121624562980024892685992445073055386525426726659249771,2025-11-28,2025-11-28 23:02:39,168321.50875178998,True,,,,,,,,88555,
0x3657862e57070b82a289b5887ec943a7c2166b14,102222914173024498806186723640667058011736779568276711034796166758060383504060,0x96d6f70bd65e8ef5d009958d68ae412853487ab398d25bbebe44e12d07440ef2,0.64,188147.580625,67733.129025,1,Suns vs. Kings,nba-phx-sac-2025-11-26,https://polymarket-upload.s3.us-east-2.amazonaws.com/super+cool+basketball+in+red+and+blue+wow.png,nba-phx-sac-2025-11-26,Suns,0,Kings,70005405883220322001840280469476166897090776141340125801800173736395868031176,2025-11-27,2025-11-27 09:02:53,120414.4516,True,,,,,,,,86152,
0x3657862e57070b82a289b5887ec943a7c2166b14,21165205039344020936156309970971754279986621574981048530401960904357947005357,0x67258764f593adf11c4e90242216e541dba9c40bc123458b9d872a219fe38b64,0.569999,354943.234034,152625.945577,1,Blues vs. Devils,nhl-stl-nj-2025-11-26,https://polymarket-upload.s3.us-east-2.amazonaws.com/nhl.png,nhl-stl-nj-2025-11-26,Devils,1,Blues,41461839938001274779851321998483895269870612504903148782028599336404915314064,2025-11-26,2025-11-27 09:02:53,202317.288456146,True,,,,,,,,68974,
0x3657862e57070b82a289b5887ec943a7c2166b14,44614025455547025832031057360722949663859741688861644577692058326229643557547,0x61128a17dcc76c7afa1fb58daccc3f456a4a9e9c5aeb359b140160a9ddc56746,0.6096010000000002,1968428.084676,-1199955.728846,0,Texas State vs. Southern Miss,cfb-txst-soumis-2025-11-15,https://polymarket-upload.s3.us-east-2.amazonaws.com/espn+college+football+logo.png,cfb-txst-soumis-2025-11-15,Southern Miss,1,Texas State,12502520854540172115841697234430430832879691227208438610016613580542855718173,2025-11-15,2025-11-27 06:33:05,1199955.7288465747,True,,,,,,,,77198,
0x3657862e57070b82a289b5887ec943a7c2166b14,88827036233644094333057381372697451105504796110055301924678912349418057181421,0xa394631dd09c9499674108d931da93be972428b685854c3bf0690e6682797481,0.58,428999.989044,-248819.993645,0,Spread: Warriors (-11.5),nba-gsw-nop-2025-11-16-spread-away-11pt5,https://polymarket-upload.s3.us-east-2.amazonaws.com/super+cool+basketball+in+red+and+blue+wow.png,nba-gsw-nop-2025-11-16,Pelicans,1,Warriors,58587011636042181760912830593304544800654832297457539332213569340431279071111,2025-11-17,2025-11-27 06:33:05,248819.99364551998,True,,,,,,,,77736,
0x3657862e57070b82a289b5887ec943a7c2166b14,109277418663584796435790720803838682868012073833639841510391138678018307819334,0x923e397fd9321c84f082131fa977c685e7da172f5fb3300179e8206550f28f40,0.562442,2106953.423656,-1185039.097507,0,Capitals vs. Canadiens,nhl-wsh-mon-2025-11-20,https://polymarket-upload.s3.us-east-2.amazonaws.com/nhl.png,nhl-wsh-mon-2025-11-20,Canadiens,1,Capitals,85691509969419455564267875788248198885436366819186202715164326237467975692313,2025-11-20,2025-11-27 06:33:05,1185039.0975079278,True,,,,,,,,64626,
0x3657862e57070b82a289b5887ec943a7c2166b14,85595966574548775600192600209487492623741038701929534073892866129108686188054,0x7928e8bff7342b498f9bf45d3c708d038a60a7610a0c239e1ec83d1251273f92,0.619625,697777.022899,-432360.087813,0,Islanders vs. Stars,nhl-nyi-dal-2025-11-18,https://polymarket-upload.s3.us-east-2.amazonaws.com/nhl.png,nhl-nyi-dal-2025-11-18,Stars,1,Islanders,106235126659894921539681349365729072254673039093011837590988042758969093693718,2025-11-18,2025-11-27 06:33:05,432360.08781379287,True,,,,,,,,63480,
0x3657862e57070b82a289b5887ec943a7c2166b14,23571232197133715841862019771415899747760230365044655567356458282755182586356,0xfdfef8a9bbe4173237cd9f3728565a69e74d26746fe8c4258f029668596e07df,0.55288,1808301.277837,-999773.61049,0,Wild vs. Penguins,nhl-min-pit-2025-11-21,https://polymarket-upload.s3.us-east-2.amazonaws.com/nhl.png,nhl-min-pit-2025-11-21,Penguins,1,Wild,1621753770240859304694390220728730131191310213603005346325294577856538967052,2025-11-21,2025-11-27 06:33:05,999773.6104905207,True,,,,,,,,65170,
0x3657862e57070b82a289b5887ec943a7c2166b14,36004641368063850624722527522409510501776921093785983540869999261105402371357,0xb39171b9a0b509234450c53e855c99eabfaefdec37243bbf44228dfabc1529a5,0.534401,748433.943987,-399963.8481,0,Spread: Central Michigan (-9.5),cfb-cmich-kentst-2025-11-19-spread-away-9pt5,https://polymarket-upload.s3.us-east-2.amazonaws.com/espn+college+football+logo.png,cfb-cmich-kentst-2025-11-19,Kent State Golden Flashes,1,Central Michigan,37190922527918564037312181367919084458904694240359467353927347846734826961990,2025-11-20,2025-11-27 06:33:05,399963.8481005968,True,,,,,,,,83841,
0x3657862e57070b82a289b5887ec943a7c2166b14,48615692589434511992034274844991092436347512608828416261019501483538081560740,0x87ba164c4fd0178ffbad3c619fdb0e93fa0b2856c0a85c235d1b67a4e2f4acb4,0.69,120414.45,37328.4795,1,Will Paris Saint-Germain FC win on 2025-11-26?,ucl-psg1-tot-2025-11-26-psg1,https://polymarket-upload.s3.us-east-2.amazonaws.com/champions-league-pic-QIUFsL8vaDdq.png,ucl-psg1-tot-2025-11-26,Yes,0,No,1887122857255461795032584801602481611345144237932583980846510237144266413452,2025-11-26,2025-11-27 01:37:47,83085.9705,True,,,,,,,,80784,
0x3657862e57070b82a289b5887ec943a7c2166b14,73691820259201718039883353686184129851399428341632261066475993804404146138917,0x7970ace95028c148a2a77b5deb6a271afdb470bc58385fcd1a5aca0bead89447,0.699999,285689.314283,85421.389379,1,Clippers vs. Lakers,nba-lac-lal-2025-11-25,https://polymarket-upload.s3.us-east-2.amazonaws.com/super+cool+basketball+in+red+and+blue+wow.png,nba-lac-lal-2025-11-25,Lakers,1,Clippers,23595273602595963655666456241193743295604404416510027939954713623350451857232,2025-11-26,2025-11-26 08:48:17,199982.23430878573,True,,,,,,,,85332,
0x3657862e57070b82a289b5887ec943a7c2166b14,39396799226343642726510481980996697844810280811356416246126867036199527176106,0x9394970668d3b02407a287d4ef8e32d35d099551ec22205608d2ad1364cf201a,0.479712,103677.75358200002,53942.291055,1,Utah vs. Ducks,nhl-utah-ana-2025-11-17,https://polymarket-upload.s3.us-east-2.amazonaws.com/nhl.png,nhl-utah-ana-2025-11-17,Ducks,1,Utah,50705377989418343273021665821618465568642155908893414000361579687080417941918,2025-11-17,2025-11-18 07:54:01,49735.462526328396,True,,,,,,,,63012,
0x3657862e57070b82a289b5887ec943a7c2166b14,87309422871449608601744994478026592370030568305741215549263843453915435906319,0x4fdf4569d63f78659049bf1e3430eaeb7bcde3ce3f72764793e1e4628d4f1c14,0.539362,302496.375184,139341.325272,1,Knicks vs. Heat,nba-nyk-mia-2025-11-17,https://polymarket-upload.s3.us-east-2.amazonaws.com/super+cool+basketball+in+red+and+blue+wow.png,nba-nyk-mia-2025-11-17,Heat,1,Knicks,76159317791750007744763030347828095846435192886802764276197628837585062303137,2025-11-18,2025-11-18 05:56:31,163155.04991199262,True,,,,,,,,78886,
0x3657862e57070b82a289b5887ec943a7c2166b14,44988878971250712033581055202896307767763669324599699482604873206444244254064,0x9d6f5afda49182f57c33f05fef94f0d9e17b5862750ab2b2262d5872b241ae18,0.524693,175922.90339200004,83617.387442,1,Kings vs. Capitals,nhl-lak-wsh-2025-11-17,https://polymarket-upload.s3.us-east-2.amazonaws.com/nhl.png,nhl-lak-wsh-2025-11-17,Capitals,1,Kings,21664794754514181752553251968688578527817419799389049162290012357738572855917,2025-11-17,2025-11-18 05:56:31,92305.51594945867,True,,,,,,,,63008,
0x3657862e57070b82a289b5887ec943a7c2166b14,101956724331723484728480043878828770895998520383098493024534708352250567251809,0x0587394cbee01a54744da078cb24d3a4421b225fe2d4c6d8d7750cbf14318492,0.52,99999.9925,-7694.29923,0,Cowboys vs. Raiders: O/U 49.5,nfl-dal-lv-2025-11-17-total-49pt5,https://polymarket-upload.s3.us-east-2.amazonaws.com/nfl.png,nfl-dal-lv-2025-11-17,Over,0,Under,89990261130945932973272053498619959889429568554240705680240356932914505809514,2025-11-18,2025-11-17 18:21:45,51999.9961,True,,,,,,,,77437,
0x3657862e57070b82a289b5887ec943a7c2166b14,60760183042886250245944415779956753433964499788357940626236782719148073910079,0xa5923b56cac3f740336c0dd01c8801641003aa5ae88b61d36317b0499533bf1c,0.699364,331102.61714,98787.112514,1,Islanders vs. Avalanche,nhl-nyi-col-2025-11-16,https://polymarket-upload.s3.us-east-2.amazonaws.com/nhl.png,nhl-nyi-col-2025-11-16,Avalanche,1,Islanders,26099095284589596976849062255931215229638972226751581453264580913169573432863,2025-11-16,2025-11-17 06:27:25,231561.25073349895,True,,,,,,,,62237,
0x3657862e57070b82a289b5887ec943a7c2166b14,47505853443879238424888929636936980418835337147524790889715823480063532094331,0x74e6c048ce543a980037e66ee98379246420037e7aff58c0458438bc2160027f,0.539967,462807.793593,212676.85770900003,1,Spread: Ravens (-8.5),nfl-bal-cle-2025-11-16-spread-away-8pt5,https://polymarket-upload.s3.us-east-2.amazonaws.com/nfl.png,nfl-bal-cle-2025-11-16,Browns,1,Ravens,113757423720882374660078219140237433072310135630360627066717582179938710354289,2025-11-16,2025-11-17 03:22:05,249900.9358830314,True,,,,,,,,76637,
0x3657862e57070b82a289b5887ec943a7c2166b14,42648650659755636577558345364723570255167542422916533442829156084079169523243,0x5e6b6c6d822a41c17a738999bd6d884922a76f553d67190b529482f6d6957064,0.59,10.0,4.1,1,Chargers vs. Jaguars: O/U 45.5,nfl-lac-jax-2025-11-16-total-45pt5,https://polymarket-upload.s3.us-east-2.amazonaws.com/nfl.png,nfl-lac-jax-2025-11-16,Under,1,Over,22759229187904604269453615299385093231577186936531423198613555052386081985397,2025-11-16,2025-11-17 01:58:27,5.8999999999999995,True,,,,,,,,76630,
0x3657862e57070b82a289b5887ec943a7c2166b14,94012997497341781143361172481462455226673675024660364249586593226049046130447,0x610880fb46dd51ddd7be1e25a6feb09faf4f3cfd6a6c7c7647c0222dbcf2045a,0.67,1781.657557,587.946993,1,Clippers vs. Celtics,nba-lac-bos-2025-11-16,https://polymarket-upload.s3.us-east-2.amazonaws.com/super+cool+basketball+in+red+and+blue+wow.png,nba-lac-bos-2025-11-16,Celtics,1,Clippers,81460501253217010064430793974246942782014951938018027320758390243478660943537,2025-11-16,2025-11-17 01:58:27,1193.7105631900001,True,,,,,,,,77722,
0x3657862e57070b82a289b5887ec943a7c2166b14,21962340687235521040144570181677571501060970461569650755326684424075986313864,0x472af24d3628d8203e277af805620da5f593365c9ffcdff1d0b9bd453dd7f351,0.55616,899019.0557129999,-499998.438025,0,Clemson vs. Louisville,cfb-clmsn-lou-2025-11-14,https://polymarket-upload.s3.us-east-2.amazonaws.com/espn+college+football+logo.png,cfb-clmsn-lou-2025-11-14,Louisville,1,Clemson,53235701242829446093321746289309236734682640034247873610017917199415245778667,2025-11-15,2025-11-15 13:14:17,499998.438025342,True,,,,,,,,77154,
0x3657862e57070b82a289b5887ec943a7c2166b14,59136467787978626811672868347067066849048276780173477999184350545476328184985,0x3c7aa98e70bd109e54b65190032f83aee73c09ca7907f4584da705c571f32340,0.547134,770475.237729,-421553.198719,0,Penguins vs. Predators,nhl-pit-nsh-2025-11-14,https://polymarket-upload.s3.us-east-2.amazonaws.com/nhl.png,nhl-pit-nsh-2025-11-14,Penguins,0,Predators,91169185029399600659990999064987272404050819812438505317775377973162159127878,2025-11-14,2025-11-15 13:14:17,421553.1987196187,True,,,,,,,,61346,
0x3657862e57070b82a289b5887ec943a7c2166b14,89825676703543840602881191629310107777853939356300572247356675163072379363115,0x069f3f1f10146e78f853d8a811793c0cb323d95da6d1af4131de3812a778f1cf,0.548331,713602.475181,-391290.358818,0,Stars vs. Canadiens,nhl-dal-mon-2025-11-13,https://polymarket-upload.s3.us-east-2.amazonaws.com/nhl.png,nhl-dal-mon-2025-11-13,Canadiens,1,Stars,33339949140307734295039184021317623648059075964344210514631203760847054871868,2025-11-13,2025-11-14 10:35:56,391290.3588184729,True,,,,,,,,60935,
0x3657862e57070b82a289b5887ec943a7c2166b14,112138823621306660544961530428237388266003156586798106103403358748390185083335,0x955670282e570980c9f380e5968fd07c7e425a461095451fdcc3adcc8afa236a,0.542559,921559.5559999999,421559.124856,1,Hawks vs. Jazz,nba-atl-uta-2025-11-13,https://polymarket-upload.s3.us-east-2.amazonaws.com/super+cool+basketball+in+red+and+blue+wow.png,nba-atl-uta-2025-11-13,Hawks,0,Jazz,33267677499872019653010941912472260068992120719086259448494819799477078420262,2025-11-14,2025-11-14 06:49:18,500000.43114380393,True,,,,,,,,75366,
0x3657862e57070b82a289b5887ec943a7c2166b14,53157904136297093674173862730136508447316451126508048642020012699724842112609,0x1fa0a429c2183b5423564b1c6294214ba01be7ffd6344d2fd3500f0e98e58481,0.629218,894271.395237,331579.736468,1,Hawks vs. Kings,nba-atl-sac-2025-11-12,https://polymarket-upload.s3.us-east-2.amazonaws.com/super+cool+basketball+in+red+and+blue+wow.png,nba-atl-sac-2025-11-12,Hawks,0,Kings,24799498436399710927370251738016497398630943181903364568370678464996977282519,2025-11-13,2025-11-13 07:53:06,562691.6587682347,True,,,,,,,,74517,
0x3657862e57070b82a289b5887ec943a7c2166b14,42660351183619578043212613685699745421195431878989966240014828939955239920903,0x7849d8f545da990d5aecb91d0d44ab7c772772c659a101292a907b7ee68c11b9,0.561664,559717.147927,245344.175753,1,Buffalo vs. Central Michigan,cfb-buf-cmich-2025-11-12,https://polymarket-upload.s3.us-east-2.amazonaws.com/espn+college+football+logo.png,cfb-buf-cmich-2025-11-12,Central Michigan,1,Buffalo,90984476475184025034086633010925204693852116503475036366055588907863981719798,2025-11-13,2025-11-13 06:52:22,314372.97217327054,True,,,,,,,,77151,
0x3657862e57070b82a289b5887ec943a7c2166b14,85995405447172486916571745262351722618512538007859502270893320298821083468326,0xc48d450273f76c655f5bbb5f9015d2dab345c38d8073065f781e019239009a07,0.51,36094.36,-1416.090025,0,Spread: Central Michigan (-1.5),cfb-buf-cmich-2025-11-12-spread-home-1pt5,https://polymarket-upload.s3.us-east-2.amazonaws.com/espn+college+football+logo.png,cfb-buf-cmich-2025-11-12,Buffalo,1,Central Michigan,795374647788798183275005076746193380317202220749913060290839262438344286776,2025-11-13,2025-11-12 11:22:57,18408.1236,True,,,,,,,,77151,
0x3657862e57070b82a289b5887ec943a7c2166b14,9213199466438451948641324568298626359340711012933503101661080511193774738511,0x81da073364856f4fcc1ff519306db77dccb1f339406c08c414dee11f45ebba28,0.7599989999999999,1315789.8957870002,315790.890778,1,Nuggets vs. Kings,nba-den-sac-2025-11-11,https://polymarket-upload.s3.us-east-2.amazonaws.com/super+cool+basketball+in+red+and+blue+wow.png,nba-den-sac-2025-11-11,Nuggets,0,Kings,27528235726609110764791086111103058726905782437773942367372696042461077385574,2025-11-12,2025-11-12 09:04:31,999999.0050082242,True,,,,,,,,73710,
0x3657862e57070b82a289b5887ec943a7c2166b14,25670319955751543215700145721038221868686354934335436744701472471418525750597,0xdfa388ae63c7707d69be8f2c0f9cc9c29dff4dab329a9345118387fd541d068c,0.534295,915600.0139280001,-489200.509441,0,Stars vs. Senators,nhl-dal-ott-2025-11-11,https://polymarket-upload.s3.us-east-2.amazonaws.com/nhl.png,nhl-dal-ott-2025-11-11,Senators,1,Stars,87784468978949271512125645027775658907629809536205624358261422080328265572968,2025-11-11,2025-11-12 05:40:39,489200.5094416608,True,,,,,,,,60048,
0x3657862e57070b82a289b5887ec943a7c2166b14,96862890109178096455851493719167165851624465904666998636429401260108897381878,0x23e6e6f8a327a41bad1282fdc34e846f52e73e390d44b004ac92a329766e2848,0.5029779999999999,995203.7577579999,491638.210088,1,Eagles vs. Packers,nfl-phi-gb-2025-11-10,https://polymarket-upload.s3.us-east-2.amazonaws.com/nfl.png,nfl-phi-gb-2025-11-10,Eagles,0,Packers,36639623132301227904613582808258828700826403419756277345243708903772829378901,2025-11-18,2025-11-11 07:04:27,500565.5956696032,True,,,,,,,,71412,
0x3657862e57070b82a289b5887ec943a7c2166b14,90695382710194214119783274899082838115789775364893925489757520098993895553062,0x28a254324e0b2464f3c2b3a4b843b434941f9e0a703f694774cdc3fcb1222e1b,0.576696,235407.86,-135758.77123,0,Jets vs. Ducks,nhl-wpg-ana-2025-11-09,https://polymarket-upload.s3.us-east-2.amazonaws.com/nhl.png,nhl-wpg-ana-2025-11-09,Jets,0,Ducks,23004868406370748190464357402770349798844712022606532959029040790285846583922,2025-11-09,2025-11-10 12:42:42,135758.77123056,True,,,,,,,,58990,
0x3657862e57070b82a289b5887ec943a7c2166b14,77326182703886955994045751769879345237274305848079176437595001256859773283897,0xb0fffdb46e58162f2fbe9802ea273625096a6b58671eb86ee206d1e1e0b8f716,0.56,399999.937257,-223999.964863,0,Spread: Texas A&M (-7.5),cfb-txam-missr-2025-11-08-spread-away-7pt5,https://polymarket-upload.s3.us-east-2.amazonaws.com/espn+college+football+logo.png,cfb-txam-missr-2025-11-08,Missouri,1,Texas A&M,37536789597282305450319892060039772901141762288314810922185597107523871380217,2025-11-08,2025-11-10 12:42:42,223999.96486392003,True,,,,,,,,72582,
0x3657862e57070b82a289b5887ec943a7c2166b14,101748693460231960721080995979938078362150163301016439559063748676923311984942,0xf90a01cb6878159f9600eb714e96240d9616a04d0f9a4c2a4f267d329ab07f2e,0.49000000000000005,217551.029773,-106600.004588,0,Spread: Texas A&M (-6.5),cfb-txam-missr-2025-11-08-spread-away-6pt5,https://polymarket-upload.s3.us-east-2.amazonaws.com/espn+college+football+logo.png,cfb-txam-missr-2025-11-08,Missouri,1,Texas A&M,5638137146493378183248816358402823707389288211242000844951859964465443322397,2025-11-08,2025-11-10 12:42:42,106600.00458877001,True,,,,,,,,72582,
0x3657862e57070b82a289b5887ec943a7c2166b14,25241305441004653833865661117549062972146769315739284044666598007338376507795,0x9b2f0aab735a59c6dd0d11d419f755f9ab1f011800dd65ddf22548475390e7b8,0.6469770000000001,633031.95427,222841.806134,1,Steelers vs. Chargers,nfl-pit-lac-2025-11-09,https://polymarket-upload.s3.us-east-2.amazonaws.com/nfl.png,nfl-pit-lac-2025-11-09,Chargers,1,Steelers,82075995163179866588098092815488590581800306694009737628392024567771230122653,2025-11-17,2025-11-10 05:12:15,409557.1146777419,True,,,,,,,,70858,
0x3657862e57070b82a289b5887ec943a7c2166b14,95753611404000937935421980517280181939355494011153577263648520489716686985537,0xfe0351d94103c5e587cae009c2a49c3b96af22cd0fd25fef243e5c8f649f6aa7,0.541048,467442.686081,214533.75566200004,1,Spread: Ravens (-3.5),nfl-bal-min-2025-11-09-spread-away-3pt5,https://polymarket-upload.s3.us-east-2.amazonaws.com/nfl.png,nfl-bal-min-2025-11-09,Ravens,0,Vikings,61972502930673651195882510546816915611350802055895930643605643890319148822006,2025-11-09,2025-11-10 01:15:43,252908.9304187529,True,,,,,,,,70852,
0x3657862e57070b82a289b5887ec943a7c2166b14,82202994941777288823087700378947997402758931782856358751785693028970403111094,0x8404e511c42018ce709291c768824b49651d8713c8abdab85b19b7ee82a09d0d,0.648178,1695969.819985,596679.494006,1,LoL: T1 vs KT Rolster (BO5),lol-t1-kt-2025-11-09,https://polymarket-upload.s3.us-east-2.amazonaws.com/league-of-legends-61a4f083a6.png,lol-t1-kt-2025-11-09,T1,0,KT Rolster,21928411324732060351328293795821838781086743329564236644854241434360849707164,2025-11-09,2025-11-09 15:19:15,1099290.3259782374,True,,,,,,,,71199,
0x3657862e57070b82a289b5887ec943a7c2166b14,87034280848566243535999078564358532722470072027920179358284606167302198673583,0xcef1cab2c77b31c642034fa2b01e45956a3d62ffedb096a58d20be1e572428cc,0.532464,140812.7,-74977.693492,0,Devils vs. Kings,nhl-nj-lak-2025-11-01,https://polymarket-upload.s3.us-east-2.amazonaws.com/nhl.png,nhl-nj-lak-2025-11-01,Kings,1,Devils,28362284997710412508956994617493930125154681482219767834144571616239281959891,2025-11-02,2025-11-09 06:53:47,74977.69349280001,True,,,,,,,,56196,
0x3657862e57070b82a289b5887ec943a7c2166b14,14105792661945853039404902238864236206591222738711873439092117234073414175041,0x35a1ce5557a14f34586795ca2c9373a30b0bc312e502224a8a306257bbcbed30,0.48,209999.996922,-100799.998522,0,Avalanche vs. Golden Knights,nhl-col-las-2025-10-31,https://polymarket-upload.s3.us-east-2.amazonaws.com/nhl.png,nhl-col-las-2025-10-31,Golden Knights,1,Avalanche,40709428390258657173130938015877476098472153604291130662485387160337999592924,2025-10-31,2025-11-09 06:53:45,100799.99852256,True,,,,,,,,56183,
0x3657862e57070b82a289b5887ec943a7c2166b14,106886494312349065248901381178626835440833853003910804168344979029653016833862,0x87794de55b58fdeb94b4ac5151b962fe73afc1aad6b44fc780b30ce79fcc4c96,0.63,349999.980536,-220499.987737,0,Colts vs. Steelers,nfl-ind-pit-2025-11-02,https://polymarket-upload.s3.us-east-2.amazonaws.com/nfl.png,nfl-ind-pit-2025-11-02,Colts,0,Steelers,8459796303401397011377099815379262892580582744902481948523851327657263332432,2025-11-09,2025-11-09 06:53:45,220499.98773768,True,,,,,,,,65491,
0x3657862e57070b82a289b5887ec943a7c2166b14,35520672333462100193504236158135206701531398407983650571097791473636085770484,0x97cbc77509213c7292ba4a2d102a33f2a6871a88640fb18154b2cf218413a1bb,0.61483,491161.320751,-301980.714837,0,Bruins vs. Islanders,nhl-bos-nyi-2025-11-04,https://polymarket-upload.s3.us-east-2.amazonaws.com/nhl.png,nhl-bos-nyi-2025-11-04,Islanders,1,Bruins,108858934757905638391611379376597256175489503123633694770485524995796778256399,2025-11-04,2025-11-09 06:53:45,301980.7148373373,True,,,,,,,,56974,
0x3657862e57070b82a289b5887ec943a7c2166b14,45437065479385849840617366856969205431127915241289281580676642980175393971631,0xae00e691d50cccfe109229af8e733ab9927ba8d33971bc322a58bde0221b125e,0.549591,605696.394251,-332885.28701200004,0,Flyers vs. Predators,nhl-phi-nsh-2025-11-06,https://polymarket-upload.s3.us-east-2.amazonaws.com/nhl.png,nhl-phi-nsh-2025-11-06,Predators,1,Flyers,96565894602175522432560116674773203349072266332757678722829508694541029689157,2025-11-06,2025-11-09 06:53:45,332885.2870128014,True,,,,,,,,57448,
0x3657862e57070b82a289b5887ec943a7c2166b14,57401880923469436128976734653464223383337902191756370135815230985508453811686,0xe8878d5aeef27514db8b4d9a15b7bc28b51a271f3d97a3d0132d18f928831ba4,0.479328,346250.721561,-165967.665864,0,Lakers vs. Grizzlies,nba-lal-mem-2025-11-01,https://polymarket-upload.s3.us-east-2.amazonaws.com/super+cool+basketball+in+red+and+blue+wow.png,nba-lal-mem-2025-11-01,Grizzlies,1,Lakers,101078397927634291390407404302476572484245926259749505793761491657983465526473,2025-11-01,2025-11-09 06:53:45,165967.665864391,True,,,,,,,,65150,
0x3657862e57070b82a289b5887ec943a7c2166b14,87075848496169857580896109622301412048164983434738279615829502262170109907094,0x0a0c68b529a07ecddb4b51f5dfd3449842f93b9fda87a1167d2af24b306b0e22,0.673227,148538.215734,-99999.937363,0,Devils vs. Sharks,nhl-nj-sj-2025-10-30,https://polymarket-upload.s3.us-east-2.amazonaws.com/nhl.png,nhl-nj-sj-2025-10-30,Devils,0,Sharks,113438613436361913640874368422132113130087695969009980087090722964119276427071,2025-10-31,2025-11-09 06:53:45,99999.93736395362,True,,,,,,,,56181,
0x3657862e57070b82a289b5887ec943a7c2166b14,75430685705765602615655516520231395824283738787751273918843787190347163649084,0x1daf6f1f8dca3c800777e961ddbcc3546909bfe68d0e88066bd0df14255bffef,0.37183,667283.78,-248116.127917,0,Red Wings vs. Sharks,nhl-det-sj-2025-11-02,https://polymarket-upload.s3.us-east-2.amazonaws.com/nhl.png,nhl-det-sj-2025-11-02,Sharks,1,Red Wings,65759190648947338251223091549586396281637431011048448910552349137527347608109,2025-11-03,2025-11-09 06:53:45,248116.1279174,True,,,,,,,,56203,
0x3657862e57070b82a289b5887ec943a7c2166b14,69758639832237571702176020868596646876317862008737896664559529250310020736065,0x0091818bc42e7d65a0fbce678219f548ca7ee4bb05ef8e7cc7873b49ddcd2626,0.459717,226355.370975,-104059.41207800001,0,Blue Jackets vs. Islanders,nhl-cbj-nyi-2025-11-02,https://polymarket-upload.s3.us-east-2.amazonaws.com/nhl.png,nhl-cbj-nyi-2025-11-02,Blue Jackets,0,Islanders,15714042026157271565057538263161309448013874546014842485704431907313306987423,2025-11-02,2025-11-09 06:53:45,104059.41207851407,True,,,,,,,,56200,
0x3657862e57070b82a289b5887ec943a7c2166b14,62787807392439662600186871562079303394720511919434268995982351104435179555419,0x8ddf7d4f453034c393d3f5f8447815bd89b2bc79baeda2ba40e9f1d51ad8e2f4,0.493484,300769.86,-148425.113592,0,Blue Jackets vs. Flames,nhl-cbj-cal-2025-11-05,https://polymarket-upload.s3.us-east-2.amazonaws.com/nhl.png,nhl-cbj-cal-2025-11-05,Blue Jackets,0,Flames,34623620731667103195715457761940121906794343621853503851397463228843986440132,2025-11-05,2025-11-09 06:53:45,148425.11359224,True,,,,,,,,56985,
0x3657862e57070b82a289b5887ec943a7c2166b14,6928440486623136717642997642855375460445172117541856274034552381209469672235,0x7b45e5e3e4818038b00cf1f409aa47ef7ddb47662a794e34547374a1e5451819,0.490374,516768.323835,-253409.750032,0,Florida State vs. Clemson,cfb-flst-clmsn-2025-11-08,https://polymarket-upload.s3.us-east-2.amazonaws.com/espn+college+football+logo.png,cfb-flst-clmsn-2025-11-08,Florida State,0,Clemson,32219297877118833045446313117452619437790838306580719759415591780770036363274,2025-11-09,2025-11-09 06:53:45,253409.75003226427,True,,,,,,,,72588,
0x3657862e57070b82a289b5887ec943a7c2166b14,113737647913594547508362442686340593822080098583256836391903872171314734696129,0x13ca0b430af395f01c3c5595fb573bc4abca5c18edd97c9103f34129642a6bae,0.65,29025.38,10129.85762,1,UNLV vs. Colorado State,cfb-unlv-colst-2025-11-08,https://polymarket-upload.s3.us-east-2.amazonaws.com/espn+college+football+logo.png,cfb-unlv-colst-2025-11-08,UNLV,0,Colorado State,35621904128623805735929207255812507913958058394424884682805878345525204088502,2025-11-09,2025-11-09 06:53:39,18866.497000000003,True,,,,,,,,72617,
0x3657862e57070b82a289b5887ec943a7c2166b14,59281951019542046014144730116602340987514891086212122514948375298480567916488,0x80f23e805af8fd0cb70fb5faf0bbfd86bd7b987db1afbc3f386c82fe4497c7a4,0.55,399999.497672,179999.773952,1,Spread: Duke (-9.5),cfb-duke-uconn-2025-11-08-spread-away-9pt5,https://polymarket-upload.s3.us-east-2.amazonaws.com/espn+college+football+logo.png,cfb-duke-uconn-2025-11-08,UConn,1,Duke,85855034351530825162875131622040493630806575156645997633580557772792723938138,2025-11-08,2025-11-09 02:38:01,219999.72371960004,True,,,,,,,,72602,
0x3657862e57070b82a289b5887ec943a7c2166b14,89392391325390612387839481591234078914335302525294475402262700156723204742467,0x60540acabfb049cd3651c8c4217fbde1ec0d47cb46398f266634fbb6ac8bfa49,0.69,196663.02,60965.5362,1,Temple vs. Army,cfb-templ-army-2025-11-08,https://polymarket-upload.s3.us-east-2.amazonaws.com/espn+college+football+logo.png,cfb-templ-army-2025-11-08,Army,1,Temple,49064479743157586566947092394158040081810790452619301528871673706044080232970,2025-11-08,2025-11-08 22:40:29,135697.4838,True,,,,,,,,72626,
0x3657862e57070b82a289b5887ec943a7c2166b14,52850967253492360826171547211721921688535167444467400669769214261267468250607,0xc0e3bf1060861398acff99adcbfac97773a6afa505099b36b186ddf41f2079f4,0.520153,1432208.078915,687240.750043,1,Houston vs. UCF,cfb-hou-ucf-2025-11-07,https://polymarket-upload.s3.us-east-2.amazonaws.com/espn+college+football+logo.png,cfb-hou-ucf-2025-11-07,Houston,0,UCF,48523293201145381983780457246752749451381019535578763912073441238399054842254,2025-11-08,2025-11-08 08:16:11,744967.3288718739,True,,,,,,,,72579,
0x3657862e57070b82a289b5887ec943a7c2166b14,108673199024787070639451991278202464687828286466015407515066336749672880492162,0xf30fe69f81879fda77f1bc7ec8bcc811a6f27fd2017d7068c5dd361d50ebf28b,0.59,7172.579023,-143.4514,1,Celtics vs. Magic,nba-bos-orl-2025-11-08,https://polymarket-upload.s3.us-east-2.amazonaws.com/super+cool+basketball+in+red+and+blue+wow.png,nba-bos-orl-2025-11-08,Magic,1,Celtics,16716467579517274933566284250593530028696704653643259002542376232755513666129,2025-11-08,2025-11-07 06:43:33,4231.82162357,True,,,,,,,,70379,
0x3657862e57070b82a289b5887ec943a7c2166b14,7403493791232359726745396860017816501857963836454643603829419717000841833080,0x55ecadd929c161ab1972628b27c1f8495c8dc3dcdb00533529b119e3d25e8d85,0.53,13920.21,-139.2021,0,Raptors vs. Hawks,nba-tor-atl-2025-11-08,https://polymarket-upload.s3.us-east-2.amazonaws.com/super+cool+basketball+in+red+and+blue+wow.png,nba-tor-atl-2025-11-08,Hawks,1,Raptors,52723753500297329372228573725239173382293493296945587127665627843864269091061,2025-11-08,2025-11-07 06:43:15,7377.7113,True,,,,,,,,70383,
0x3657862e57070b82a289b5887ec943a7c2166b14,72076561585441338246356111443175152511526370914283281314323077528814544269067,0x52e2360daa4478c6a90fd5a45513c5d4aefaf16b97ad03c0a41ab781604fbe23,0.580651,358982.363181,150538.895017,1,Kent State Golden Flashes vs. Ball State,cfb-kentst-ballst-2025-11-05,https://polymarket-upload.s3.us-east-2.amazonaws.com/espn+college+football+logo.png,cfb-kentst-ballst-2025-11-05,Ball State,1,Kent State Golden Flashes,46457316542928749594034615253723672414841455197564734088493782236811591800007,2025-11-06,2025-11-06 06:57:55,208443.46816341084,True,,,,,,,,72574,
0x3657862e57070b82a289b5887ec943a7c2166b14,112291590669644520318733652318079267717867707441421636109796937594766664397273,0xdaabc6970b0c19844e4babc0e71a3994877fad201eba43847d82a242eaae92c7,0.739999,1081082.522161,281082.536844,1,Thunder vs. Clippers,nba-okc-lac-2025-11-05,https://polymarket-upload.s3.us-east-2.amazonaws.com/super+cool+basketball+in+red+and+blue+wow.png,nba-okc-lac-2025-11-05,Thunder,0,Clippers,54618100176931052568906150891018719446751988696551985170919167316756406267072,2025-11-05,2025-11-05 09:09:45,799999.9853166178,True,,,,,,,,67737,
0x3657862e57070b82a289b5887ec943a7c2166b14,64908050218787282821539069123481690363512560987235974652983663842443978552439,0x211ea3a40668e8124dbe17cc9d2bdfdcc6e60ee35f2fbf0ed143bafa259987bb,0.597549,235034.91999999998,94590.038588,1,Blackhawks vs. Kraken,nhl-chi-sea-2025-11-03,https://polymarket-upload.s3.us-east-2.amazonaws.com/nhl.png,nhl-chi-sea-2025-11-03,Kraken,1,Blackhawks,45042453359813941881345269095394515985928164640501023801615781308948362029397,2025-11-04,2025-11-04 09:08:19,140444.88141108,True,,,,,,,,56207,
0x3657862e57070b82a289b5887ec943a7c2166b14,109703261066071912064628961808224384744471925352361368052246808816613082346085,0x48c8e0f8bdc3f3d0b277418a88e25538f9f7bf61aad6bd098d7821888a711e27,0.639295,1677543.876821,605098.464088,1,Pistons vs. Grizzlies,nba-det-mem-2025-11-04,https://polymarket-upload.s3.us-east-2.amazonaws.com/super+cool+basketball+in+red+and+blue+wow.png,nba-det-mem-2025-11-04,Pistons,0,Grizzlies,110286614601172835271033879642197262178091122202394973226712306971213349562479,2025-11-04,2025-11-04 05:51:35,1072445.412732281,True,,,,,,,,67052,
0x3657862e57070b82a289b5887ec943a7c2166b14,18451247091625759406450928010616348657314559466168880741045403917005457607718,0x7ff7c66a825e0c1d773db9666f4f45ef550c7f851c53cb5d1303d697a51c74c6,0.526723,581094.323388,275018.57809,1,Army vs. Air Force,cfb-army-airf-2025-11-01,https://polymarket-upload.s3.us-east-2.amazonaws.com/espn+college+football+logo.png,cfb-army-airf-2025-11-01,Army,0,Air Force,10875476784866303856866613289921196679156085997740145011968540424251710846528,2025-11-01,2025-11-02 00:46:52,306075.74529789755,True,,,,,,,,66594,
0x3657862e57070b82a289b5887ec943a7c2166b14,102308952779038850228652739886171096398192700873750717123962185272651200875754,0x309b383d4c3f4a97d25213570c5f1e795d87ea2161c24aa09d82da8b201e0f25,0.48,312500.0,162500.0,1,LoL: Anyone's Legend vs T1 (BO5),lol-al-t1-2025-10-31,https://polymarket-upload.s3.us-east-2.amazonaws.com/league-of-legends-61a4f083a6.png,lol-al-t1-2025-10-31,T1,1,Anyones Legend,54027634480901265800282608109717005006002103524737008017293750051061086996140,2025-10-31,2025-10-31 16:50:12,150000.0,True,,,,,,,,65214,
0x3657862e57070b82a289b5887ec943a7c2166b14,74962565111694813068842985426353163333616181342043366532263278510831373188709,0x3e99f2697a74434f0ac086811838d912efddaef76ae7cd898871d89647eddee6,0.669379,266422.652753,88084.923875,1,Islanders vs. Hurricanes,nhl-nyi-car-2025-10-30,https://polymarket-upload.s3.us-east-2.amazonaws.com/nhl.png,nhl-nyi-car-2025-10-30,Hurricanes,1,Islanders,102748698692999662541131858479954847379714190110144961174485074404856712205411,2025-10-30,2025-10-31 07:43:30,178337.72887715037,True,,,,,,,,56175,
0x3657862e57070b82a289b5887ec943a7c2166b14,20286804554610793609776711845813029215765065867173493963472506116230686656136,0xd039ca778e83689e9b130f31661d096f182f3e406677fc8517ae021017b08c91,0.58,369019.05558,154988.003343,1,Predators vs. Flyers,nhl-nsh-phi-2025-10-30,https://polymarket-upload.s3.us-east-2.amazonaws.com/nhl.png,nhl-nsh-phi-2025-10-30,Flyers,1,Predators,1479051677970187451454076966823965498641649863511091348459301889618220248917,2025-10-30,2025-10-31 04:16:05,214031.05223639996,True,,,,,,,,56173,
0x3657862e57070b82a289b5887ec943a7c2166b14,13574144071637000647847673812540937418094892574120740792765602393177388985995,0x6e1cb648bf2370d6d8f18606d344466f5d349558ebc4bf5c0d885dddc926f5c3,0.537764,230836.918147,-124135.78445,0,Clippers vs. Warriors,nba-lac-gsw-2025-10-29,https://polymarket-upload.s3.us-east-2.amazonaws.com/super+cool+basketball+in+red+and+blue+wow.png,nba-lac-gsw-2025-10-29,Clippers,0,Warriors,10795159763878547503592641746055121596264045193838769763493661300255418709164,2025-10-29,2025-10-31 00:47:43,124135.78445040331,True,,,,,,,,64032,
0x3657862e57070b82a289b5887ec943a7c2166b14,100601564483693198828011458850348026305198952843425280214771666272323887955793,0x912f942a841315faded955cf0876b083246e2020ca3b3f92475302a8713eb09d,0.54,99999.958468,-53999.977572,0,Spread: James Madison (-7.5),cfb-jmad-txst-2025-10-29-spread-away-7pt5,https://polymarket-upload.s3.us-east-2.amazonaws.com/espn+college+football+logo.png,cfb-jmad-txst-2025-10-29,Texas State,1,James Madison,6058343640615059482498314056579211346758465143835743793660926895349539609346,2025-10-29,2025-10-31 00:47:43,53999.97757272,True,,,,,,,,66554,
0x3657862e57070b82a289b5887ec943a7c2166b14,52592797464455819353738741765197327949598713447376576306414272617642269116108,0x0fb61a0d2a6f90ee5cc144824eae43b99bcbe0055934fe3372a47e6bef248f1c,0.51,34451.291963,16881.133061,1,Maple Leafs vs. Blue Jackets,nhl-tor-cbj-2025-10-29,https://polymarket-upload.s3.us-east-2.amazonaws.com/nhl.png,nhl-tor-cbj-2025-10-29,Blue Jackets,1,Maple Leafs,62769188964128334638835178133445478504299974029577241391237859332824301420952,2025-10-29,2025-10-30 09:12:41,17570.158901130002,True,,,,,,,,56171,
0x3657862e57070b82a289b5887ec943a7c2166b14,5348967743174061307202172928919423110659758223820657848881635118579526491443,0xb14761ce5985c653404fe909a574277a779c28bfbcb574302e7aa2640306c32b,0.635165,323146.34,117895.094953,1,Kings vs. Bulls,nba-sac-chi-2025-10-30,https://polymarket-upload.s3.us-east-2.amazonaws.com/super+cool+basketball+in+red+and+blue+wow.png,nba-sac-chi-2025-10-30,Bulls,1,Kings,36061524068027994441236843938013953533640902676827777340865416488000958863401,2025-10-30,2025-10-30 09:12:41,205251.2450461,True,,,,,,,,64037,
0x3657862e57070b82a289b5887ec943a7c2166b14,82336572628188344498905192502717281325347800876592758186427542796009494763787,0xcb2c87b28ba30a37f1c3f8a82f2838cf73ce29b277f848c41ac4b069eee18144,0.63,235999.982157,87319.99339800002,1,Florida International vs. Missouri State,cfb-flint-msrst-2025-10-30,https://polymarket-upload.s3.us-east-2.amazonaws.com/espn+college+football+logo.png,cfb-flint-msrst-2025-10-30,Missouri State,1,Florida International,90192213567763969074034662442174586147950911538896384970513413665602880383179,2025-10-30,2025-10-30 09:12:41,148679.98875890998,True,,,,,,,,66556,
0x3657862e57070b82a289b5887ec943a7c2166b14,80002635936301108259841950187353229306277069077662168172763827287859814402030,0xc7b22fe5f4490aad06f633cabdfcbea275459e47b533c2a3b6f718f7824c2015,0.58,35208.958056,-283.185584,1,Trail Blazers vs. Jazz,nba-por-uta-2025-10-30,https://polymarket-upload.s3.us-east-2.amazonaws.com/super+cool+basketball+in+red+and+blue+wow.png,nba-por-uta-2025-10-30,Trail Blazers,0,Jazz,84129920814558478737985719691978414518329507256271537279769164827510248793781,2025-10-30,2025-10-29 16:05:31,20421.19567248,True,,,,,,,,64040,
0x3657862e57070b82a289b5887ec943a7c2166b14,21562478105235988729280849235151396511179754843705841250426067443765404920696,0xb8d60370b22faa322a44c83fef12876c56d1515e029ad5bfa830e41c4c952f94,0.599564,339382.380229,135900.922809,1,Devils vs. Avalanche,nhl-nj-col-2025-10-28,https://polymarket-upload.s3.us-east-2.amazonaws.com/nhl.png,nhl-nj-col-2025-10-28,Avalanche,1,Devils,9877559276513750975295651824185651468348694465331019259226166226094278119023,2025-10-29,2025-10-29 07:14:07,203481.45741962016,True,,,,,,,,56166,
0x3657862e57070b82a289b5887ec943a7c2166b14,33420382646074088952462144917171239554272440675601756552457951290703806276004,0xcda3d6ed35661a9875253a94837914ecca26057ef815785f786b5db84f5bbda4,0.6199999999999999,1599999.341909,607899.749925,1,Bruins vs. Senators,nhl-bos-ott-2025-10-27,https://polymarket-upload.s3.us-east-2.amazonaws.com/nhl.png,nhl-bos-ott-2025-10-27,Senators,1,Bruins,93890839618922128285596854024933014493444897152385861322949431526643706699392,2025-10-27,2025-10-28 07:24:21,991999.5919835798,True,,,,,,,,56154,
0x3657862e57070b82a289b5887ec943a7c2166b14,54240431853400125887745543478504366340680519503539898951836136722605700249732,0x101c713f70a3759aa25865cf27d3936b052ebaed717fb04c03f12335645069a0,0.579474,186723.037456,78521.892049,1,Trail Blazers vs. Lakers,nba-por-lal-2025-10-28,https://polymarket-upload.s3.us-east-2.amazonaws.com/super+cool+basketball+in+red+and+blue+wow.png,nba-por-lal-2025-10-28,Trail Blazers,0,Lakers,53719297421361664500084229095315859713323695912335410856278204235628744040706,2025-10-28,2025-10-28 07:24:21,108201.14540677815,True,,,,,,,,64027,
0x3657862e57070b82a289b5887ec943a7c2166b14,28251209552723743631274553952283824700873939546320643101711057802184654353270,0x97d0b31f74c8603e04a3117b6bbc9a0c88157a39ef4d1e6d500c8dae08a17610,0.6,170000.0,-102000.00000000001,0,Spread: Timberwolves (-9.5),nba-ind-min-2025-10-26-spread-home-9pt5,https://polymarket-upload.s3.us-east-2.amazonaws.com/super+cool+basketball+in+red+and+blue+wow.png,nba-ind-min-2025-10-26,Timberwolves,0,Pacers,67717335051480413303427583393648392220065645499755771353485895050223198576294,2025-10-26,2025-10-27 05:38:21,102000.0,True,,,,,,,,64013,
0x3657862e57070b82a289b5887ec943a7c2166b14,7841283507080698664873473539102906589403299239224137291156512745997759250491,0xa8686eb3ea9968a185f7a6deda9b40acbc2dd66644896b81b37d1710484f1573,0.56,94385.872703,-52856.088713,0,Spread: Packers (-3.5),nfl-gb-pit-2025-10-26-spread-away-3pt5,https://polymarket-upload.s3.us-east-2.amazonaws.com/nfl.png,nfl-gb-pit-2025-10-26,Steelers,1,Packers,86643099774561581245293802049237970864572979585954517198724547063088490806725,2025-10-27,2025-10-27 05:38:21,52856.08871368001,True,,,,,,,,61646,
0x3657862e57070b82a289b5887ec943a7c2166b14,79288424651509794963389314537363250031689614137351357195221886199442721409132,0x4d1de7dd60cfeafd67208d0c1fd82ad2679c16814cb49aaffcfc017647e58a6c,0.54,189999.806452,-102599.895484,0,Hornets vs. Wizards,nba-cha-was-2025-10-26,https://polymarket-upload.s3.us-east-2.amazonaws.com/super+cool+basketball+in+red+and+blue+wow.png,nba-cha-was-2025-10-26,Wizards,1,Hornets,46551761972221330532293301532723115486328333137604172931717724158950755946649,2025-10-26,2025-10-27 05:38:21,102599.89548408,True,,,,,,,,64012,
0x3657862e57070b82a289b5887ec943a7c2166b14,90295461990455436560131598646791890668981598965017458427128733535972147511160,0x2e92fa82b658e01a4f07d1c9d537ed66a1da4ebe45d3d41118f28395dd92bf82,0.5,199999.99999999997,-99999.99999999999,0,Spread: Texans (-2.5),nfl-sf-hou-2025-10-26-spread-home-2pt5,https://polymarket-upload.s3.us-east-2.amazonaws.com/nfl.png,nfl-sf-hou-2025-10-26,49ers,1,Texans,3594646221726234093745523447173997431306114530079286593563097621862076837323,2025-10-26,2025-10-27 05:38:21,99999.99999999999,True,,,,,,,,61640,
0x3657862e57070b82a289b5887ec943a7c2166b14,25515969227416893472840348687961729757452891221861638331139886487619063406175,0xe036651769bdb89d422901124465b3cf0109121dcacd8880547ba56097db55fa,0.56,179999.918158,-100799.954168,0,Spread: Buccaneers (-5.5),nfl-tb-no-2025-10-26-spread-away-5pt5,https://polymarket-upload.s3.us-east-2.amazonaws.com/nfl.png,nfl-tb-no-2025-10-26,Saints,1,Buccaneers,74019008965523322361589114506637570356536633895560306105788027366558392252286,2025-10-26,2025-10-27 05:38:21,100799.95416848,True,,,,,,,,61643,
0x3657862e57070b82a289b5887ec943a7c2166b14,78665901476901614740571337652706060597940774521463518278586949624750310161813,0x79458e54226bf73452522bae8ca7469ef433bf3a9dc1d6c614b3ddb689d33042,0.57,174999.536577,75249.800728,1,Bears vs. Ravens,nfl-chi-bal-2025-10-26,https://polymarket-upload.s3.us-east-2.amazonaws.com/nfl.png,nfl-chi-bal-2025-10-26,Ravens,1,Bears,54394745064456808468111046627692120964341489000255950997683259677845835157368,2025-11-02,2025-10-26 22:32:01,99749.73584888999,True,,,,,,,,61637,
0x3657862e57070b82a289b5887ec943a7c2166b14,37841672176435463326986953208806183966360309797932594059278360576435039026468,0x9e66ab530a4edda8e934061aae2ae6dd3f24100fb7923f738709554456ffedb3,0.415437,240709.859794,140710.07777,1,Oilers vs. Kraken,nhl-edm-sea-2025-10-25,https://polymarket-upload.s3.us-east-2.amazonaws.com/nhl.png,nhl-edm-sea-2025-10-25,Kraken,1,Oilers,1530782490844353614214401715366094293799296068295955246484736706558375833385,2025-10-26,2025-10-26 07:34:13,99999.78202323997,True,,,,,,,,56144,
0x3657862e57070b82a289b5887ec943a7c2166b14,106727541015524519748306784123715964769380758744678558318560890820639197542234,0x84ffbb425c6900811f569e7272bdc0ea3feb531a3fbbe876acc074d94416abe5,0.57,177999.92184,76539.966391,1,Spread: Arizona State (-8.5),cfb-hou-arzst-2025-10-26-spread-home-8pt5,https://polymarket-upload.s3.us-east-2.amazonaws.com/espn+college+football+logo.png,cfb-hou-arzst-2025-10-26,Houston,1,Arizona State,78050981773495818356283487634244347494621253755271540383401177690593591648222,2025-10-26,2025-10-26 05:48:43,101459.95544879998,True,,,,,,,,62636,
0x3657862e57070b82a289b5887ec943a7c2166b14,34950483011483943421652675047715155109181582039644501150521187854005070209188,0x20cc987e640ced2791762267cefaeb426258875779d6862c79129229ddf42cb1,0.52,189999.985829,-98799.992631,0,Golden Knights vs. Panthers,nhl-las-fla-2025-10-25,https://polymarket-upload.s3.us-east-2.amazonaws.com/nhl.png,nhl-las-fla-2025-10-25,Golden Knights,0,Panthers,96481157996662744635393940979881784715079511520691022699037480107981967889847,2025-10-25,2025-10-26 04:39:45,98799.99263108001,True,,,,,,,,56136,
0x3657862e57070b82a289b5887ec943a7c2166b14,99014003386220083948074128082530180448681381178939492196120050371610994952577,0xd31c222f353f563e6bbe4384ce3b063ed4b4ce82343bf912ea5a888ced8e2ea8,0.626413,132947.24625,-83279.883365,0,SMU Mustangs vs. Wake Forest,cfb-smu-wake-2025-10-25,https://polymarket-upload.s3.us-east-2.amazonaws.com/espn+college+football+logo.png,cfb-smu-wake-2025-10-25,SMU Mustangs,0,Wake Forest,72204834764087030421017870781242772094114926472105471224703027984492885735027,2025-10-25,2025-10-26 04:39:45,83279.88336520125,True,,,,,,,,62611,
0x3657862e57070b82a289b5887ec943a7c2166b14,11410210811757451038994379157012464603709550477497936415428197715426399875050,0xa8fa3a34b98aa63f2d256a1ea352196637ad0b36f6c8fb91c0a4754f3fb5c0d6,0.52,9066.0,-4714.32,0,Spread: Indiana (-26.5),cfb-ucla-ind-2025-10-25-spread-home-26pt5,https://polymarket-upload.s3.us-east-2.amazonaws.com/espn+college+football+logo.png,cfb-ucla-ind-2025-10-25,UCLA,1,Indiana,8933769223305456587767624784689885656024930699172818367604582021699537294422,2025-10-25,2025-10-26 04:39:45,4714.32,True,,,,,,,,62626,
0x3657862e57070b82a289b5887ec943a7c2166b14,41400609010618408449362431819064300157573618287335383083142341164914964645971,0x47ea4178e11b8177fbaecfb1cc19d5a7ed3f109cd195fc67a00b4c2fe1fb6764,0.606585,164857.117257,64857.262785000006,1,Missouri vs. Vanderbilt,cfb-missr-vand-2025-10-25,https://polymarket-upload.s3.us-east-2.amazonaws.com/espn+college+football+logo.png,cfb-missr-vand-2025-10-25,Vanderbilt,1,Missouri,7195731934808390334412740153982399108041215436076008249222826141375421014289,2025-10-25,2025-10-26 02:08:17,99999.85447133736,True,,,,,,,,62616,
0x3657862e57070b82a289b5887ec943a7c2166b14,48541303596244574265290705285238312637184339437683340367174316882409741268694,0x459b09b64474e6a7b53a41a19cc91a59739d96606f61ac2287436199aa34999f,0.596113,147622.711664,-87999.817518,0,Dodgers vs. Blue Jays,mlb-lad-tor-2025-10-24,https://polymarket-upload.s3.us-east-2.amazonaws.com/Repetitive-markets/MLB.jpg,mlb-lad-tor-2025-10-24,Dodgers,0,Blue Jays,112669368354826946831705724510839858359089254297846341954953639623750635723287,2025-11-01,2025-10-25 13:47:37,87999.81751816203,True,,,,,,,,63460,
0x3657862e57070b82a289b5887ec943a7c2166b14,26461412788657205792894515468673620689759904169179082477787987039168904518407,0x9e5e066f4193536530683346ffce40799ad3c9ebca583f1ff39a34654f143f9a,0.789999,187341.772147,39341.959492,1,Suns vs. Clippers,nba-phx-lac-2025-10-24,https://polymarket-upload.s3.us-east-2.amazonaws.com/super+cool+basketball+in+red+and+blue+wow.png,nba-phx-lac-2025-10-24,Clippers,1,Suns,67423050590043655639991330656887461015661079832326022763706424135895818112234,2025-10-25,2025-10-25 07:33:13,147999.81265435787,True,,,,,,,,62557,
0x3657862e57070b82a289b5887ec943a7c2166b14,6118033128834895398045521018282127199104614506563490958378842973702044824378,0x191ff5f7f1368db8983777fc9728f6efcc7ddf6ed7e47660187bf295929b3f54,0.778204,448652.5442129999,99509.339696,1,Sharks vs. Devils,nhl-sj-nj-2025-10-24,https://polymarket-upload.s3.us-east-2.amazonaws.com/nhl.png,nhl-sj-nj-2025-10-24,Devils,1,Sharks,21030882595689188330316813818628572311327645575045464096541662600905266578740,2025-10-24,2025-10-25 03:56:14,349143.2045167334,True,,,,,,,,56128,
0x3657862e57070b82a289b5887ec943a7c2166b14,33677013499114386644929741306604334694137926215174021050603064428593378784746,0xf9beddbc9f171dce517f3076d5bf8808bede78e787ef1c644baf061380638cae,0.529999,37181.132074,17437.987151,1,Nuggets vs. Warriors,nba-den-gsw-2025-10-23,https://polymarket-upload.s3.us-east-2.amazonaws.com/super+cool+basketball+in+red+and+blue+wow.png,nba-den-gsw-2025-10-23,Warriors,1,Nuggets,30697500904780105256578459646004305166815460234164016332946812704331115851977,2025-10-24,2025-10-24 06:38:05,19705.962818087926,True,,,,,,,,62545,
0x3657862e57070b82a289b5887ec943a7c2166b14,75548981613619474418328349317391209099997090540657404336984764022800236515436,0x9fe6c87cbef1fcc37ddde5f65c22773ce7f865b0af93257719f30ed807dfab25,0.6073699999999999,319705.847064,125526.106732,1,Flyers vs. Senators,nhl-phi-ott-2025-10-23,https://polymarket-upload.s3.us-east-2.amazonaws.com/nhl.png,nhl-phi-ott-2025-10-23,Senators,1,Flyers,13339802076158093544871765834094054169715299555047761819728461547489774283156,2025-10-23,2025-10-24 06:14:49,194179.74033126162,True,,,,,,,,56118,
0x3657862e57070b82a289b5887ec943a7c2166b14,2828983199538087600238950850106967249841247164212037442351663248667018202898,0x80ea4cd3ef5d5880725e76be1aec6d9b1e10af620454e16944c4479c1e91400f,0.72,38994.17,10879.37343,1,LoL: Gen.G vs Top Esports - Game 1 Winner,lol-gen-tes-2025-10-23-game1,https://polymarket-upload.s3.us-east-2.amazonaws.com/league-of-legends-61a4f083a6.png,lol-gen-tes-2025-10-23,Gen.G,0,Top Esports,62020187246470015546627457221077666656011963174853933023160638965467654141617,2025-10-23,2025-10-23 12:51:51,28075.802399999997,True,,,,,,,,61831,
0x3657862e57070b82a289b5887ec943a7c2166b14,74340956599836721745803937169185183107409066273009048597400474016462814710100,0x9c7ed54c877a58a3f738147bc8735a61091ae5f1f61440d3eea62afff36c0990,0.761461,33300.4541,7943.45702,1,LoL: Movistar KOI vs Team Secret Whales (BO3),lol-mkoi-tsw-2025-10-23,https://polymarket-upload.s3.us-east-2.amazonaws.com/league-of-legends-61a4f083a6.png,lol-mkoi-tsw-2025-10-23,Movistar KOI,0,Team Secret Whales,94061645424938593616579524045086017028861631036242897479887603178453430494696,2025-10-23,2025-10-23 12:51:31,25356.997079440105,True,,,,,,,,61826,
0x3657862e57070b82a289b5887ec943a7c2166b14,16270524908368333732757109232047424420912109417763526754433801340116977329047,0x4f45a8c3f3bc433a14765caf5e00e678fc88668a8548b8724ec8de21300632cc,0.54,22550.0,-12177.0,0,Avalanche vs. Utah,nhl-col-utah-2025-10-21,https://polymarket-upload.s3.us-east-2.amazonaws.com/nhl.png,nhl-col-utah-2025-10-21,Avalanche,0,Utah,114848838803172949746494805773127131716946829919635475085236439080552366001942,2025-10-22,2025-10-23 12:01:07,12177.0,True,,,,,,,,56112,
0x3657862e57070b82a289b5887ec943a7c2166b14,67170717695630786310157059699921367595823684373533960504324525225412994246559,0x226fbfa84cce4e5e60f0a8a4868dc9268812a59b0ffa7127440f5534adbe6e49,0.5,12490.0,-6245.0,0,LoL: G2 Esports vs FlyQuest - Game 2 Winner,lol-g2-fly-2025-10-22-game2,https://polymarket-upload.s3.us-east-2.amazonaws.com/league-of-legends-61a4f083a6.png,lol-g2-fly-2025-10-22,FlyQuest,1,G2 Esports,72959798474669442356314597621231209141671921237065325969462836897749922956147,2025-10-22,2025-10-23 12:01:07,6245.0,True,,,,,,,,61820,
0x3657862e57070b82a289b5887ec943a7c2166b14,36562047143915326794843619543399124086211219034000290215653819000484596372701,0x5c6438ec88cee0532cc51a939643b05a3cd265433fdc227f276936b035607b52,0.544427,73471.573771,33398.191989,1,Canadiens vs. Flames,nhl-mon-cal-2025-10-22,https://polymarket-upload.s3.us-east-2.amazonaws.com/nhl.png,nhl-mon-cal-2025-10-22,Canadiens,0,Flames,38516996805789357553708455706540398648067160266403814655186691900110478982667,2025-10-23,2025-10-23 04:52:13,39999.90849342421,True,,,,,,,,56115,
0x3657862e57070b82a289b5887ec943a7c2166b14,34068295310637330142284209414925431075353357896187697007844260527164287241809,0x07ac02c6aeb855e68303f1e01e307f56e5d6560fb06a3ead260b796e4480574e,0.576079,203552.691112,86290.26036800002,1,Wild vs. Devils,nhl-min-nj-2025-10-22,https://polymarket-upload.s3.us-east-2.amazonaws.com/nhl.png,nhl-min-nj-2025-10-22,Devils,1,Wild,105710132729615500176505296870329569779307859661834489279499329253334173074257,2025-10-22,2025-10-23 03:57:55,117262.43074310986,True,,,,,,,,56972,
0x3657862e57070b82a289b5887ec943a7c2166b14,60169201630067160656972326293269086048473910921702356233799384648137415506078,0xa8a79867ede431c8120364698ec556984421e75db56104a2ec27f28fa7deb259,0.609999,122950.81967099999,-61593.191875,0,Spurs vs. Mavericks,nba-sas-dal-2025-10-22,https://polymarket-upload.s3.us-east-2.amazonaws.com/super+cool+basketball+in+red+and+blue+wow.png,nba-sas-dal-2025-10-22,Mavericks,1,Spurs,21058990012637652216794729930781102782582217518767704874744587462341445596186,2025-10-23,2025-10-23 03:25:55,74999.87704849032,True,,,,,,,,62533,
0x3657862e57070b82a289b5887ec943a7c2166b14,115152008118765244343487114539449379750173974324869251973707544487356888724377,0x55aef230faf5eae10e203514cbda2439fa10c48e247d89de8d687db6dac5130b,0.561779,222507.420876,97507.424483,1,Warriors vs. Lakers,nba-gsw-lal-2025-10-21,https://polymarket-upload.s3.us-east-2.amazonaws.com/super+cool+basketball+in+red+and+blue+wow.png,nba-gsw-lal-2025-10-21,Warriors,0,Lakers,105195273800805741302360656781906689814267611070744981889377039652248092220829,2025-10-22,2025-10-22 07:35:10,124999.9963922984,True,,,,,,,,62531,
0x3657862e57070b82a289b5887ec943a7c2166b14,87317370688001276420573357904431537766153737646863239762448661525101351764998,0x2d9e424a2acf179334bac3c9ad76be0f37c7de087f0d3d08bad7f1ed5479ec64,0.57038,482115.216763,-274988.877337,0,Wild vs. Rangers,nhl-min-nyr-2025-10-20,https://polymarket-upload.s3.us-east-2.amazonaws.com/nhl.png,nhl-min-nyr-2025-10-20,Rangers,1,Wild,40568020603057285703467211746728558583656150156831935575985366194523090134719,2025-10-20,2025-10-22 04:22:07,274988.87733727996,True,,,,,,,,56099,
0x3657862e57070b82a289b5887ec943a7c2166b14,97089789776171914487169399867179172223005109284642552503321870132481307952967,0x3af49f39f61c7e4505aecf6f49c06d41db4e030ceaaf322f10db1dd9c940eae0,0.509999,206237.254899,-105180.793761,0,Falcons vs. 49ers,nfl-atl-sf-2025-10-19,https://polymarket-upload.s3.us-east-2.amazonaws.com/nfl.png,nfl-atl-sf-2025-10-19,Falcons,0,49ers,94752795955235461587780619782217060500312120096523144047455499437321069984079,2025-10-27,2025-10-22 04:22:07,105180.7937612351,True,,,,,,,,58320,
0x3657862e57070b82a289b5887ec943a7c2166b14,8674277412355566791850353005789609729817188397554977026591124941821637709277,0xf7fb574c8293011dd3f4a7dd02c1dd1d13d6a1162312ee11c88a33b730ed9f5e,0.539922,122218.79,-65988.613534,0,Spread: Eagles (-2.5),nfl-phi-min-2025-10-19-spread-away-2pt5,https://polymarket-upload.s3.us-east-2.amazonaws.com/nfl.png,nfl-phi-min-2025-10-19,Vikings,1,Eagles,27711012029458882178517656573048966291560784399107192563468779252774978406677,2025-10-19,2025-10-22 04:22:07,65988.61353438,True,,,,,,,,58313,
0x3657862e57070b82a289b5887ec943a7c2166b14,34747512848087063528437308981744878091094460261639028099522293009743421897137,0x7084e1e19c13560a158e90faddf9b621907c7abc569c3f34ae221801ae5d81aa,0.499816,813177.143068,406738.196128,1,Devils vs. Maple Leafs,nhl-nj-tor-2025-10-21,https://polymarket-upload.s3.us-east-2.amazonaws.com/nhl.png,nhl-nj-tor-2025-10-21,Devils,0,Maple Leafs,22109647600973974637065044562671888262770491655370321430955405953655985372094,2025-10-21,2025-10-22 03:59:04,406438.9469396755,True,,,,,,,,56104,
0x3657862e57070b82a289b5887ec943a7c2166b14,84138100621295419506386212753534320713207714401332189029427010455659831812571,0xcc9d529e735c24bf33e33403d10a70484b44281db5e42a625440a1e16271629e,0.6115449999999999,531440.59645,206440.756893,1,Texans vs. Seahawks,nfl-hou-sea-2025-10-20,https://polymarket-upload.s3.us-east-2.amazonaws.com/nfl.png,nfl-hou-sea-2025-10-20,Seahawks,1,Texans,103141272816124557865968051096285154969674960537416469760714848533847802061438,2025-10-28,2025-10-21 09:41:58,324999.83955601515,True,,,,,,,,58765,
0x3657862e57070b82a289b5887ec943a7c2166b14,91874594657174502368222467992807586154747147716089323035041100792583174308906,0xc931a0aee25adf6f2eee087df23d417f7be2ebec4fe65a4f8b2dde16ba077416,0.57,94651.43000000002,-48803.981033,0,Colts vs. Chargers,nfl-ind-lac-2025-10-19,https://polymarket-upload.s3.us-east-2.amazonaws.com/nfl.png,nfl-ind-lac-2025-10-19,Chargers,1,Colts,50927343474106632772160150391699241955873200403889694079082717465609473040902,2025-10-26,2025-10-19 22:22:15,53951.31510000001,True,,,,,,,,58317,
0x3657862e57070b82a289b5887ec943a7c2166b14,67153012814113013146847051271655451444815275646538899810030651084316282192625,0xe8f18e0474b83d54ca5fa8f8689e4b8af580d8c61dbb8037729af690250ceda7,0.617379,40493.744352,15453.261552,1,Rams vs. Jaguars,nfl-la-jax-2025-10-19,https://polymarket-upload.s3.us-east-2.amazonaws.com/nfl.png,nfl-la-jax-2025-10-19,Rams,0,Jaguars,26424347033109559493758804461759779640613787364370242580086074203599535362161,2025-10-26,2025-10-19 18:36:31,24999.98739429341,True,,,,,,,,58290,
0x3657862e57070b82a289b5887ec943a7c2166b14,16154352762745345528945346964195920530966656046633980003109515836036622895510,0x2a72ca65a1f32e4dc1d03f9ddcdcfecb593f7186b884cd6229ee2093631bad33,0.725634,12631.958903,-9166.178866,0,LoL: KT Rolster vs Top Esports (BO3),lol-kt-tes-2025-10-17,https://polymarket-upload.s3.us-east-2.amazonaws.com/league-of-legends-61a4f083a6.png,lol-kt-tes-2025-10-17,Top Esports,1,KT Rolster,3358238044753849839187613370242579143612571711509494996519289789357350352517,2025-10-17,2025-10-19 14:37:01,9166.178866619503,True,,,,,,,,60511,
0x3657862e57070b82a289b5887ec943a7c2166b14,82159776860307287263900286172596373000821687980115738331195780552903699830419,0x0c9daabbca28a2c163c8549817e2c71993c05f555664fa0e155dab3a01e4a3e1,0.548433,29614.44,13372.903827,1,Spread: Florida State (-18.5),cfb-flst-stan-2025-10-19-spread-away-18pt5,https://polymarket-upload.s3.us-east-2.amazonaws.com/espn+college+football+logo.png,cfb-flst-stan-2025-10-19,Stanford,1,Florida State,4476891405399024554566712524078724845543515299196341511290133558200045500610,2025-10-19,2025-10-19 09:24:21,16241.536172519998,True,,,,,,,,59339,
0x3657862e57070b82a289b5887ec943a7c2166b14,86762350120902641049231518983461057306890380889417311256870008583967700220180,0x54bbccdae11d914e78345ab3bcfd3a668de9a15e4fcb961443cbdd1276bbf2ef,0.7612190000000001,23192.7361,5537.984718,1,Tennessee vs. Alabama,cfb-tenn-ala-2025-10-18,https://polymarket-upload.s3.us-east-2.amazonaws.com/espn+college+football+logo.png,cfb-tenn-ala-2025-10-18,Alabama,1,Tennessee,104743281105735997002766944616061173144678871293408531592239372417535452901140,2025-10-18,2025-10-19 05:46:57,17654.7513813059,True,,,,,,,,59344,
0x3657862e57070b82a289b5887ec943a7c2166b14,82562635688190499421252603175754442564496049004336130838022174877419017291212,0xe76e86b6453f80963295a14bbf7b65000f2337b324dde333f45ad3238e7d71e6,0.54,4306.0,1980.76,1,Spread: Texas A&M (-7.5),cfb-txam-ark-2025-10-18-spread-away-7pt5,https://polymarket-upload.s3.us-east-2.amazonaws.com/espn+college+football+logo.png,cfb-txam-ark-2025-10-18,Arkansas,1,Texas A&M,2373842778596579423937013085334142090935226641021483012818022075062517660368,2025-10-18,2025-10-19 04:23:37,2325.2400000000002,True,,,,,,,,59348,
0x3657862e57070b82a289b5887ec943a7c2166b14,103680991403392273426942017657077311832890206700893088124116458331237506971975,0xc89d563cf0f773ca00205d78f850d4ad2f9f93911c62bad2aae6e408e081a965,0.540031,783649.910628,360434.665741,1,LSU vs. Vanderbilt,cfb-lsu-vand-2025-10-18,https://polymarket-upload.s3.us-east-2.amazonaws.com/espn+college+football+logo.png,cfb-lsu-vand-2025-10-18,Vanderbilt,1,LSU,80992623088370345528539642459139080881583991537904594665278304738281967352940,2025-10-18,2025-10-18 22:27:04,423195.24488634954,True,,,,,,,,59338,
0x3657862e57070b82a289b5887ec943a7c2166b14,11510049566646295388447098028881635173815824359835004551743182929360813956763,0x9c0baa3fb6373584c5efe35a4efdff4ab0756a88fdb6a53c4bb1a17b1e898c44,0.57,123999.996278,53195.995709999996,1,Canucks vs. Blackhawks,nhl-van-chi-2025-10-17,https://polymarket-upload.s3.us-east-2.amazonaws.com/nhl.png,nhl-van-chi-2025-10-17,Canucks,0,Blackhawks,79386483824076444676156574217934867757195009260153409396623392034505637430132,2025-10-18,2025-10-18 04:14:26,70679.99787846,True,,,,,,,,56079,
0x3657862e57070b82a289b5887ec943a7c2166b14,74599857535452476613974686990334327437753219957407552126177641720485097311233,0x8e1a4494cac01c7479af41328c3a760e4f280bff91443ccc12d8de87923002da,0.589999,379166.16851300007,155458.508256,1,Panthers vs. Devils,nhl-fla-nj-2025-10-16,https://polymarket-upload.s3.us-east-2.amazonaws.com/nhl.png,nhl-fla-nj-2025-10-16,Devils,1,Panthers,21272934881110502037815171993347583741355323149793599184391721955622147930582,2025-10-16,2025-10-17 05:53:42,223707.66025650155,True,,,,,,,,56071,
0x3657862e57070b82a289b5887ec943a7c2166b14,77767078264946193170342613829316635507627254579211587012682461130028881369462,0xf225158108a25aae2437c95aa486b34961c67ed967d7008934c7b346705d8d21,0.569996,223708.037481,96195.350948,1,Spread: Delaware Blue Hens (-3.5),cfb-del-jaxst-2025-10-15-spread-away-3pt5,https://polymarket-upload.s3.us-east-2.amazonaws.com/espn+college+football+logo.png,cfb-del-jaxst-2025-10-15,Jacksonville State,1,Delaware Blue Hens,68653953640219985048029040612185715768563262753526822033522636422923869579871,2025-10-15,2025-10-16 13:32:37,127512.68653202007,True,,,,,,,,59323,
0x3657862e57070b82a289b5887ec943a7c2166b14,102948543088811241176173475786982798006643081181096263071358473469381669357586,0x378cbda8863fc1c24ed65cc77e76ca47f45c270f44cd3d892b0b5e70c3f97368,0.614053,8142.619515,-4999.999941,0,LoL: Hanwha Life Esports vs Anyone's Legend (BO1),lol-hle1-al-2025-10-15,https://polymarket-upload.s3.us-east-2.amazonaws.com/league-of-legends-61a4f083a6.png,lol-hle1-al-2025-10-15,Hanwha Life Esports,0,Anyones Legend,79599428274533193540234475675486109942146979875893420973928119014075347787416,2025-10-15,2025-10-15 13:14:13,4999.999941044295,True,,,,,,,,59663,
0x3657862e57070b82a289b5887ec943a7c2166b14,60442051284816722142619385504056385380702755625484313712069680056551734397930,0xe5a3b66089f38c0cf705a4d249c389440a40357839452f98d84bb072d7d636bd,0.7950249999999999,32544.870875,6638.339858,1,LoL: FlyQuest vs T1 (BO1),lol-fly-t1-2025-10-15,https://polymarket-upload.s3.us-east-2.amazonaws.com/league-of-legends-61a4f083a6.png,lol-fly-t1-2025-10-15,T1,1,FlyQuest,19769944897344442387678489108690555815373631250598094630652157803182543641241,2025-10-15,2025-10-15 10:21:29,25873.98596739687,True,,,,,,,,59660,
0x3657862e57070b82a289b5887ec943a7c2166b14,1277172056780059161499557150680649274375668485934001193468116172260425087553,0xc4006c9293a29dfa855ecff1220447ed81c76dc8cb75306fb21005b9abcacb5e,0.67,17968.44,5888.419503,1,LoL: CTBC Flying Oyster vs Fnatic (BO1),lol-cfo-fnc-2025-10-15,https://polymarket-upload.s3.us-east-2.amazonaws.com/league-of-legends-61a4f083a6.png,lol-cfo-fnc-2025-10-15,CTBC Flying Oyster,0,Fnatic,81089974948470911224075235159455341558109043893352450048090849235510634482086,2025-10-15,2025-10-15 07:06:49,12038.8548,True,,,,,,,,59646,
