timestamp,timeframe,category,rank,address,pnl,volume,userName
2026-01-29 00:53:50,day,overall,1,0xf49a30eeba44edc98c104bd9830be7a5c140f9ba,1085.5009291309398,302396.58977300004,0xf49a30eeba44edc98c104bd9830be7a5c140f9ba
2026-01-29 00:53:50,day,overall,2,0x3c02b4aee7f41917adbf21a4db4297fd9aeb5a6d,579.0004893224065,154877.54351100003,0x3c02b4aee7f41917adbf21a4db4297fd9aeb5a6d
2026-01-29 00:53:50,day,overall,3,0xac0a9aad817df58f1f37dad0ca0352e1c00cf89e,449.99999999999636,40000.0,Brunoruno
2026-01-29 00:53:50,day,overall,4,0x89c727696cfd6b8d7422e8c38b1be4114096d5fe,362.49999999999994,3599.9395999999997,nanavs
2026-01-29 00:53:50,day,overall,5,0xe9935db50c1d29d8232399c0ef2cfead3251ab37,300.2504500000157,90428.733159,Bmyles51
2026-01-29 00:53:50,day,overall,6,0x09768dcd28e43689592255430a3c9614b9b25989,288.5002499999937,89354.56165000002,-RN2-
2026-01-29 00:53:50,day,overall,7,0x826b91a02114b959c81bd2477f16b0a7e82d4ac7,252.25005000000408,72226.65364500001,2026richlv
2026-01-29 00:53:50,day,overall,8,0x375e6170bd4254dd7377555e5ef62fbbb679b7b4,242.49999999998317,96198.15969999997,chautaqua
2026-01-29 00:53:50,day,overall,9,0x266e623ac7ebf771642fc1ab940afa155950b420,237.13570841618997,71412.372526,name1234
2026-01-29 00:53:50,day,overall,10,0x006d7df4b2bb10d871e87f64a21d9d31f25306f8,214.49999999992653,35468.91869499999,quickstepcapital
2026-01-29 00:53:50,day,overall,11,0xc8d27d1946f7f4511d1ef5f9144db21f67bca0e2,206.52506999999991,13490.022325,Negranathos
2026-01-29 00:53:50,day,overall,12,0x98f7207b2461aaa89f89945ddc1f0bee628fb3e4,200.0,78795.90950000001,0xb7511d7b0dcb75ffad0507c23245d
2026-01-29 00:53:50,day,overall,13,0x2005d16a84ceefa912d4e380cd32e7ff827875ea,160.3967383587733,2268374.9294180004,RN1
2026-01-29 00:53:50,day,overall,14,0x1b01c2ecb169106f969e540ae8f971cb267ae9f7,159.20024634610832,64766.44378800001,BayesSignal
2026-01-29 00:53:50,day,overall,15,0xa47c1d54b710850c0b9e79ea7d6ff426284114c9,144.99999999999648,17999.6775,tigertony3
2026-01-29 00:53:50,day,overall,16,0xdc3ffc7857b75c8cb2b01413c7696e7d4728f038,141.150120000455,47566.16638200001,0xdc3ffC7857B75C8CB2B01413C7696e7D4728f038-1766877916183
2026-01-29 00:53:50,day,overall,17,0xd9c2f8e66119a903df7fc110c3b0ec20d16e2ce9,117.02990553000001,17997.228566,Joigdryjhffy
2026-01-29 00:53:50,day,overall,18,0xf2bae8ab5f1010364ab47ac4909a320fb2cb4028,113.00000000000102,21852.84573,0xF2Bae8Ab5F1010364aB47Ac4909a320fb2cb4028-1768847332380
2026-01-29 00:53:50,day,overall,19,0x371a0d623144ad877c81614afe52c356619c34b0,97.8750000000094,51955.213713000005,St-Qc
2026-01-29 00:53:50,day,overall,20,0xada82ab6e4645e18ef4bb28fe1d0d3e607aabb1e,96.99999999999997,32399.3506,Quentin1
2026-01-29 00:53:50,day,overall,21,0x7163028e3e64ee12eb6b1e349a078aaf3022a9e5,96.99999999999989,20499.416999999998,megamm2
2026-01-29 00:53:50,day,overall,22,0xa1431c606a6384d0ff0517f564172bf7f3de2ea6,85.79999999999973,22176.3005,shawmatthew
2026-01-29 00:53:50,day,overall,23,0x53295fbe13e69e40690eb14b6dcaf702673b7eb0,83.94513199999341,10574.685146,bissy2
2026-01-29 00:53:50,day,overall,24,0xa5d67920cfa87c9b39280eabe2711794f4366f47,79.7500000000008,10449.906400000002,winmax
2026-01-29 00:53:50,day,overall,25,0x1117eade222413335b7ec959e5b48c1d3dbc3532,74.99999999988358,277985.61973900005,benwyatt
2026-01-29 00:53:50,day,overall,26,0x6d3c5bd13984b2de47c3a88ddc455309aab3d294,74.58372589082865,2408057.5692080003,VeryLucky888
2026-01-29 00:53:50,day,overall,27,0xccc30b8bc923706e4111eb6de69dc0f82223aedc,73.22500000000002,19087.4896,0xccc30b8bc923706e4111eb6de69dc0f82223aedc
2026-01-29 00:53:50,day,overall,28,0x69bb085a3a4b980a22223a75aee9b2a1c51138e9,72.50005118035997,74798.960193,0x69Bb085a3A4b980A22223a75AEE9b2A1C51138E9-1769611922574
2026-01-29 00:53:50,day,overall,29,0xd64bd92151ffdf6d205d00e3d27002212e4bd37c,72.50000000000671,54535.24610000002,vitalikxbt
2026-01-29 00:53:50,day,overall,30,0x344cfb8888ea5de6b88c41d89adfc16b650fdfc7,72.5,9850.776101,testtttttttttttttttttttt
2026-01-29 00:53:50,day,overall,30,0xd0933632c18a9194ef2df3dc5a8f2f4a2a267ed3,72.5,1200.0,quemuatest
2026-01-29 00:53:50,day,overall,32,0xd2a4aa24f136f4217d640c0b862a6ed1766c3ee9,71.49999999999989,18919.626593999998,Daisyninja
2026-01-29 00:53:50,day,overall,33,0xa3d043b2da34f58045c6485d3f89b798b2b0ec04,66.58271361718835,11549.867573999996,0xa3d043b2da34f58045c6485d3f89b798b2b0ec04
2026-01-29 00:53:50,day,overall,34,0x46b353667fd7d846af3bbeda6584b0e5b883d3de,64.50000000002609,44556.746999999996,ougabaga
2026-01-29 00:53:50,day,overall,35,0xdef56521b84e2abd6b6106b310eabbe7b2b0a2bf,57.70004999999978,21236.944512,RN3
2026-01-29 00:53:50,day,overall,36,0x0085d8a93dcfb0aef5414a3be00aae7a91c661d5,56.00761633678199,109.506923,Ozi-12
2026-01-29 00:53:50,day,overall,37,0xfc013900fd8ef7232d449aa2b19b77374e0b603b,54.91949999999997,8877.179809000005,eddddddddd
2026-01-29 00:53:50,day,overall,38,0x462f36a3afeefbe0d8622b4e537632189df3e3ff,52.22899984000037,67754.75378499998,0x462f36a3afeefbe0d8622b4e537632189df3e3ff
2026-01-29 00:53:50,day,overall,39,0xf68a281980f8c13828e84e147e3822381d6e5b1b,50.00000000046566,1194647.9897379999,Nooserac
2026-01-29 00:53:50,day,overall,40,0xc364dd9e7859892c532ab5faf6950991c7c03a58,49.692499999999995,8581.782350000001,0xC364Dd9e7859892C532ab5faf6950991c7c03A58-1768273914650
2026-01-29 00:53:50,day,overall,41,0x0967b9935db95bd9c6a6b09d8aa7bb96ea9df505,43.23261189568939,42960.188971,0x0967b9935db95bd9c6a6b09d8aa7bb96ea9df505
2026-01-29 00:53:50,day,overall,42,0x0b0cdd83f96ae05147a155e5e7f8a81997b5ef35,41.021450000000186,11021.631790999998,diamond8
2026-01-29 00:53:50,day,overall,43,0x6be699d690af20205800d5e562b230bf1b2aa59f,35.75000000000003,2229.86495,mitsu
2026-01-29 00:53:50,day,overall,44,0xf930f224ba5beb71d11f5dba404503a6e8f52ac1,35.75,4649.75195,faifteen
2026-01-29 00:53:50,day,overall,44,0x433443fa6a5fb9b5fb2696e1b2629e4ddffa1a5f,35.75,12450.277519000001,mori2225
2026-01-29 00:53:50,day,overall,44,0x32dedac3b12de96ae548e44cd2199c6e7a226253,35.75,250.0,lesapig6
2026-01-29 00:53:50,day,overall,47,0x11756cd3d800815abd54312baf8961abea598375,33.94999999995662,11564.6683,agougoule
2026-01-29 00:53:50,day,overall,48,0xdbb9b3616f733e19278d1ca6f3207a8344b5ed8d,33.87369987944885,145883.75743199995,bigmoneyloser00
2026-01-29 00:53:50,day,overall,49,0xad1754ffaf858dd79bf7657c1f5935f40e5e752b,31.900092510000007,4221.193332,Dash-Bag
2026-01-29 00:53:50,day,overall,50,0x86f5dfd9749f9de0f18175276ed65d9df6dd9ee7,31.625072999998565,18808.937589999994,counttothree
2026-01-29 00:53:50,day,overall,51,0x51d995178114dec00702b2478a1f6403e34a6129,31.577249999999438,6021.649223,markevans123
2026-01-29 00:53:50,day,overall,52,0x4366ab8b8b27e4139d94a532e3cec94a83d1c73e,30.0,5100.0,RBax
2026-01-29 00:53:50,day,overall,53,0x41b17d195b6902c99823917442197b44994dfa7a,28.850024999999945,9259.301912,0x41B17d195b6902C99823917442197b44994dfA7a-1768228990551
2026-01-29 00:53:50,day,overall,54,0x682a9e542e3b2c49f4eb0c172d4c4a3592504b37,28.600000000000016,3719.795,RB626363
2026-01-29 00:53:50,day,overall,55,0x6338674d226eb48ee891b46d39be514f830c4b29,28.59399951999999,128.611438,singualariusV
2026-01-29 00:53:50,day,overall,56,0x914a702066270b8c9d07499efd829ce3eec0f967,26.987499999951524,50451.53722600002,0x914a702066270b8c9d07499efd829ce3eec0f967
2026-01-29 00:53:50,day,overall,57,0x68146921df11eab44296dc4e58025ca84741a9e7,26.638606142831122,671966.291468,LynxTitan
2026-01-29 00:53:50,day,overall,58,0x507e52ef684ca2dd91f90a9d26d149dd3288beae,25.283623609226197,3195006.085071,GamblingIsAllYouNeed
2026-01-29 00:53:50,day,overall,59,0xad5353afe30c2da57709e2704ef3ccdcf67eef24,24.701350000031425,138643.022357,AJSV
2026-01-29 00:53:50,day,overall,60,0x5c6552aff127287e4ad45d472281758732b6ac3e,24.5,2099.9281,hao159
2026-01-29 00:53:50,day,overall,61,0xab12c41e6f7c6bb2ad7f22fefdd734f62b353a2d,23.77499999997709,2810.9449999999997,rocket661
2026-01-29 00:53:50,day,overall,62,0xc88adcf407a63baa2e470998c24f6fc0d1867e26,23.718606640044527,13122.133440999994,hjhjhjhjhjhjhj
2026-01-29 00:53:50,day,overall,63,0xd2b51d9accca5ec0a853eb0d94eeb0dce9a82889,21.596973238920327,59451.37542999999,Domx12
2026-01-29 00:53:50,day,overall,64,0xb232ca6108a083e93f4b91718d71be036437771d,21.44999999999999,2759.8482999999997,ShahRiazKhan
2026-01-29 00:53:50,day,overall,65,0x58bb48cf870adbb56edfe3298849d706409ca539,21.350010000001024,4389.872599,0x58bb48CF870adbb56eDFE3298849d706409Ca539-1760710501220
2026-01-29 00:53:50,day,overall,66,0xbd2b9f647c5527da4663e7a011bb79c514117f04,21.0020999999997,26656.680857,0xbD2B9f647c5527Da4663E7a011bb79c514117f04-1767141426976
2026-01-29 00:53:50,day,overall,67,0x17fc67f02901e831c32f5b8fdb6c7d57c1e70b47,20.399999999978718,20782.576128,0x17fc67f02901e831c32f5b8fdb6c7d57c1e70b47
2026-01-29 00:53:50,day,overall,68,0x0ce836f715f09ce4a8768bb230e631a59e393352,20.375000000052317,5606.74875,OrderFirst
2026-01-29 00:53:50,day,overall,69,0x034e325dd21401c6ba00357712dd5c174e561829,19.84925337691299,574.915442,0x034e325dd21401c6ba00357712dd5c174e561829
2026-01-29 00:53:50,day,overall,70,0x50b977391c4b3dd88b0a0bef03c3434fe4284298,19.350000000010823,16794.4046,rocketcrypto
2026-01-29 00:53:50,day,overall,71,0x8162fa34ba1a4e6819b2bb8da61b079a84c428b0,19.06500000000165,10362.043000000001,0x8162Fa34ba1A4e6819B2bB8dA61B079a84C428b0-1761639133208
2026-01-29 00:53:50,day,overall,72,0xe594336603f4fb5d3ba4125a67021ab3b4347052,18.35984313636436,3582207.3389460007,0xE594336603F4fB5d3ba4125a67021ab3B4347052-1769022918519
2026-01-29 00:53:50,day,overall,73,0xe8d68fd271ad704a55f9bb0e4fc6276ee9adc964,17.77501500000048,29261.584018999994,Little-big
2026-01-29 00:53:50,day,overall,74,0xd0d6053c3c37e727402d84c14069780d360993aa,17.574419975164346,1927812.2104030012,k9Q2mX4L8A7ZP3R
2026-01-29 00:53:50,day,overall,75,0x3497c005ce00854fe6b9545809f1314fae0e8a86,17.375075000000002,599.983519,NothingEverHappensInDespiteOfEnt
2026-01-29 00:53:50,day,overall,76,0xaf066fdb4887735128febdd38958dc480484d9e1,17.280499400000053,1693.8474129999995,0xaf066fdb4887735128febdd38958dc480484d9e1
2026-01-29 00:53:50,day,overall,77,0x96489abcb9f583d6835c8ef95ffc923d05a86825,16.836594064199744,931418.22718,anoin123
2026-01-29 00:53:50,day,overall,78,0x9e48751ca7bcf890a75cce310c4eddf12efc10fc,16.406749190000028,3993.831203999999,notsamtoor
2026-01-29 00:53:50,day,overall,79,0x6eea972030c24bd4dc184c4a58f3cd85a0fb4977,15.928250000000844,7132.009031,movego
2026-01-29 00:53:50,day,overall,80,0x27ca256a5257c2ce87dd156330c6c385c2d8773a,15.22499999999999,1448.8873349999997,Xan9483745
2026-01-29 00:53:50,day,overall,81,0xf41acf49e99ea322b1c4db136e84ab73e7a1ea2b,15.055351326405798,105140.77984499997,stry
2026-01-29 00:53:50,day,overall,82,0xbfdfe31978b9ba79056b884ccf3bbc9225718e02,15.000000000007276,116713.74408200003,jole24
2026-01-29 00:53:50,day,overall,83,0x08bf40defef7c5dd0dc4ddfeaf7b3f375823df57,14.664649849998796,6550.072051,nihaoworld
2026-01-29 00:53:50,day,overall,84,0x353b9cde929d3ccbb2cdbb52b13c2e7e1a4e5493,14.350020000000086,54624.836042999996,Daniel230991
2026-01-29 00:53:50,day,overall,85,0x444ae152ef147148fade3a3642a4888b3875f56e,14.300000000000018,1851.3238,iwintro
2026-01-29 00:53:50,day,overall,86,0x57db9aefbc2d67b5e37a10da552663a11c24be54,14.3,1859.8400000000004,ZB863638
2026-01-29 00:53:50,day,overall,87,0x5316cc2beeef1adb236266e55e0a9ad2a48d1d07,13.5,9310.210925000001,Add777
2026-01-29 00:53:50,day,overall,88,0xf83ec0e37ac9eece71c064507270e9001a734663,12.72576662999927,2895.541479,JustClickeverywhere
2026-01-29 00:53:50,day,overall,89,0x6303284594f4f9672af909b11a05d5c3d24ab2a1,12.148771575980845,6304.637790000001,Donsitopons
2026-01-29 00:53:50,day,overall,90,0x4ffe49ba2a4cae123536a8af4fda48faeb609f71,11.547249550040078,887761.6559779998,planktonXD
2026-01-29 00:53:50,day,overall,91,0xe00740bce98a594e26861838885ab310ec3b548c,11.184901456697844,430379.77700800006,distinct-baguette
2026-01-29 00:53:50,day,overall,92,0x17a07424b692d024f6e1627bb9ef697a6fc3b244,11.168350610000005,2190.430577,dlsmsenfdlek
2026-01-29 00:53:50,day,overall,93,0x97f714d018321b9def748724117e9ab4b187c513,11.042749070000013,2308.994672,sksmssjtka
2026-01-29 00:53:50,day,overall,94,0xf1f4d313795218b1c3bc72cd3f05dcf076fc544c,10.790408150001895,152249.63676099997,fijinice
2026-01-29 00:53:50,day,overall,95,0xb49b9666e655827e2d28a09686be78af7f6f89ff,10.67499999999977,4332.4625,w2alexpro
2026-01-29 00:53:50,day,overall,96,0x2254a9ca800571cca2bb46195d399e39cf032937,10.274999000000037,21860.701846,0x2254a9ca800571cca2bb46195d399e39cf032937
2026-01-29 00:53:50,day,overall,97,0x4fc0a52a3eec17380ac240caace3433b09bffed7,10.120831792240551,18321.081099999996,0x4fc0a52a3eec17380ac240caace3433b09bffed7
2026-01-29 00:53:50,day,overall,98,0x9219d0b3f037d0b67562599504a61a4cce045ca1,9.874999999999993,1850.5823349999998,0x9219d0b3f037d0b67562599504a61a4cce045ca1
2026-01-29 00:53:50,day,overall,99,0x07aaa015eda76773a7f99ed314d6db8d478e7a42,9.500021499969932,9128.842594,web3xuan.xyz
2026-01-29 00:53:50,day,overall,100,0x9500af57be19b2892b63ee02e0384fa1e269a2d0,9.500010000000003,4954.571187999999,biebie
2026-01-29 00:53:50,day,politics,1,0xad5353afe30c2da57709e2704ef3ccdcf67eef24,24.70134999995571,42626.31697599999,AJSV
2026-01-29 00:53:50,day,politics,2,0x9ea71e476f5978d3720e83b6d915ca5a8159b987,10.373750000000001,476.649592,menestest
2026-01-29 00:53:50,day,politics,3,0x4ffe49ba2a4cae123536a8af4fda48faeb609f71,10.272000000011758,116437.588869,planktonXD
2026-01-29 00:53:50,day,politics,4,0xc602e34792d9a5e129f3404daef2df43d1d37fc1,8.132000000007793,2229.334831,Dr.PNL
2026-01-29 00:53:50,day,politics,5,0x993c072519306017fe9a6b3ee6fa4a02b3056787,7.359077184279158,22667.385600999998,Jep-G
2026-01-29 00:53:50,day,politics,6,0x94746ed6c69bdd5d5711b18d781d3978ef705091,2.7113950000007208,16245.469721,TraderProMax
2026-01-29 00:53:50,day,politics,7,0x78048aa26ac1967566b8ed11910b529e5f2d7025,1.9000000000087311,3605.0,KingFisher
2026-01-29 00:53:50,day,politics,8,0x96489abcb9f583d6835c8ef95ffc923d05a86825,1.2996396620292217,750191.6363799998,anoin123
2026-01-29 00:53:50,day,politics,9,0x21ffd2b7a212a6f277ed3eca1a9f8efcbca90d71,0.8336174199648667,140062.54138900002,Haradwaith
2026-01-29 00:53:50,day,politics,10,0xc9dcc3d90ad3e34fe4132eb8661ae728d6da9026,0.39450301181932446,10177.301301000001,keribit
2026-01-29 00:53:50,day,politics,11,0x84207208bc185f902f452ea384d81560c9876183,0.2625029999999242,3500.8452209999996,LordProtector
2026-01-29 00:53:50,day,politics,12,0xe96c73f8876687ad7ba729966d6cc19fd829b953,0.20168382173500277,2473.279489,0xe96c73f8876687ad7ba729966d6cc19fd829b953
2026-01-29 00:53:50,day,politics,13,0x24c8cf69a0e0a17eee21f69d29752bfa32e823e1,0.1163647964131087,75339.12824399998,debased
2026-01-29 00:53:50,day,politics,14,0x41cb8653fd75ebf2a46741d224dc596e5a72a5df,0.10290675959208784,648.4576340000001,AnaFav
2026-01-29 00:53:50,day,politics,15,0xdbac145f587ff2821f0a0d2fd9082ba4190264ca,0.04032416290200003,3.120221,yz491
2026-01-29 00:53:50,day,politics,16,0x9d64cd047f0474aec512ad94bd4090e138d4738e,0.020889200000056007,4910.936466,camoha
2026-01-29 00:53:50,day,politics,17,0xfedc381bf3fb5d20433bb4a0216b15dbbc5c6398,0.01976999999897089,3717678.4005460003,justmark
2026-01-29 00:53:50,day,politics,18,0x1c266db0f8529b1f25b77123e9c0c918ac2f6e31,0.018199120000005564,14290.515629999998,5atka
2026-01-29 00:53:50,day,politics,19,0x071dbdce7a18b107aa3c087b70dc58d6c01007ef,0.012811124279949127,215494.300237,TaM33
2026-01-29 00:53:50,day,politics,20,0x849ccb5907938ce8be18ed5dbf583288e2da4009,0.009524499999542968,127888.331803,Ondra
2026-01-29 00:53:50,day,politics,21,0xc914384dbdbc62142ebc11e603e607d1d8e47d49,0.008689999999994313,5244.490562999999,90f6
2026-01-29 00:53:50,day,politics,22,0xd8c4d45000b7976d897ab79c21780e46faaa848d,0.00648198578710435,151006.71732499998,0xa8C4d45000b7976d897Ab79c21780E46faAA848
2026-01-29 00:53:50,day,politics,23,0x70b680d8035b3255fe61488affd10bbd3498aa2f,0.005475271382238134,160859.153055,0x70b68
2026-01-29 00:53:50,day,politics,24,0x983cc0f8d60b1d0a2f8bc8453862a6aafa9a385d,0.005474999999933061,32078.693487,FinancialJuice
2026-01-29 00:53:50,day,politics,25,0xb404106f9dc701199a1a6a0320cbb874179ea760,0.004660341308863281,2145.3900000000003,SenzerSnow
2026-01-29 00:53:50,day,politics,26,0x9e806ebc0d5826c377a674d0bd401ab8dde230e2,0.0036499999999932697,1204.138866,xiaodouzi
2026-01-29 00:53:50,day,politics,27,0x793c61ad8897050e828ad173f2fd44fa706de8da,0.003649099999847749,60111.274077,toberich
2026-01-29 00:53:50,day,politics,28,0x3258bbc84bca339b3135e9a65b3b42c51efe5650,0.0026842271143436847,3903.993347,ynsider
2026-01-29 00:53:50,day,politics,29,0x9e83dcf11f1457887cfec68efaec6ad6aeaa9394,0.001825000000280852,11355.044829999999,legamb
2026-01-29 00:53:50,day,politics,30,0x3df95cdc6c5de0d68e72d84efb88ebdef4fb71d8,0.0018250000000001876,62468.87900000001,PabloEstancia
2026-01-29 00:53:50,day,politics,31,0x08730443345e11c078c5b2597ce3c0f06af609e8,0.0018249999984618626,220770.98283200004,0x08730443345e11c078C5b2597ce3C0F06Af609e8-1762254467697
2026-01-29 00:53:50,day,politics,32,0x2d4c729299e6e261bdf61d859dbe772e00002e02,0.0018242500009364448,13283.806182999999,geraldhew89
2026-01-29 00:53:50,day,politics,33,0xc028895f80c23f2d662db9c79baa269cf1775550,-0.0051508999999995975,110.76,byftnksa
2026-01-29 00:53:50,day,politics,34,0xe1f832a33cb3f39ef4f1d19ee95b34f97c42260e,-0.008690000000001419,29.88,common7
2026-01-29 00:53:50,day,politics,35,0x053704e0d792155a44178aca2001805600ff8a5c,-0.009270000000000778,56.28999999999999,Orchidazure0
2026-01-29 00:53:50,day,politics,36,0xea828692593d50975ccb34f30fd7f87f0be34968,-0.010500000000000398,156.0,nataliesimmons
2026-01-29 00:53:50,day,politics,37,0xdce0d1016ead1525fc8c7b6513f989a60ff02daf,-0.010577383033719912,3443.381082,0xdcE0d1016eaD1525fC8c7b6513f989a60fF02DAF-1757924374902
2026-01-29 00:53:50,day,politics,38,0x3955f21c21bc0ad6089b184151c243043a6f74ca,-0.014049810000001273,41.991956,0x3955f21c21bc0ad6089b184151c243043a6f74ca
2026-01-29 00:53:50,day,politics,39,0xb13bc5135a0f124ef364f692454a6be95f150e2b,-0.018200000000035743,415.158755,Benjamiin.p
2026-01-29 00:53:50,day,politics,40,0x30cecdf29f069563ea21b8ae94492e41e53a6b2b,-0.029185349993895215,105510.31000000001,ZXWP
2026-01-29 00:53:50,day,politics,41,0x565ee763b43136c4de14d229bab24fc393bfddde,-0.030415000000002135,94.43,tcdy8apl
2026-01-29 00:53:50,day,politics,42,0x316faf52b99e7f39ac4ff4bd443ee19a4428669b,-0.03304893889000016,0.0,Johnsugarking
2026-01-29 00:53:50,day,politics,43,0xc0ae5df3f291d26821bec3399a202ff89786544b,-0.08331665833500068,84.19,cfxx
2026-01-29 00:53:50,day,politics,44,0x2a6db57a2345fb0bc1df712cbd214a1dfffdcbac,-0.24194438195991097,181533.724923,PersonalRush
2026-01-29 00:53:50,day,politics,45,0x84fbc75bcc325a8860295afd16c9e1edebd044f3,-0.34279999999967004,4664.0,0x84fBc75bcc325a8860295AFD16c9E1EDEBd044F3-1738727859624
2026-01-29 00:53:50,day,politics,46,0x5de72db3b4d5b84c086af0b31ff8502745a881a1,-0.4003651406249986,0.0,J.SHin
2026-01-29 00:53:50,day,politics,47,0x0676a8d9bc547fec9ff5daedd3bfb91f36bf3b27,-0.7985992399999873,723.34,coinchek
2026-01-29 00:53:50,day,politics,48,0xe2a31bbe8df01b107227abd82df29b06b093111b,-1.0201490544440048,614.448978,StratosphereBraker
2026-01-29 00:53:50,day,politics,49,0xb401123e33dbbe1d575c4ee4f30c714a2819df2a,-1.3999999999996362,905.8529020000001,rando12345
2026-01-29 00:53:50,day,politics,50,0x52de5957ed6e83aec078bed37afb0441acb88527,-2.6159999999999997,298.46000000000004,0x52de5957ed6e83aec078bed37afb0441acb88527
2026-01-29 00:53:50,day,politics,51,0xfe7df8ae1d18a3382ee51e9afba5a29f89ca3993,-3.8587499999999935,110.25,0xfe7df8ae1d18a3382ee51e9afba5a29f89ca3993
2026-01-29 00:53:50,day,politics,52,0xc6954c273884821c225c8ee8d615f26860156438,-3.9997999999999934,320.0,Fish9119
2026-01-29 00:53:50,day,politics,53,0xa58d4f278d7953cd38eeb929f7e242bfc7c0b9b8,-53.574334740005725,1678209.5915739997,AiBird
2026-01-29 00:53:50,day,sports,1,0xac0a9aad817df58f1f37dad0ca0352e1c00cf89e,449.99999999999636,40000.0,Brunoruno
2026-01-29 00:53:50,day,sports,2,0x98f7207b2461aaa89f89945ddc1f0bee628fb3e4,200.0,78795.90950000001,0xb7511d7b0dcb75ffad0507c23245d
2026-01-29 00:53:50,day,sports,3,0x2005d16a84ceefa912d4e380cd32e7ff827875ea,160.39673836249858,2268374.9294180004,RN1
2026-01-29 00:53:50,day,sports,4,0xf2bae8ab5f1010364ab47ac4909a320fb2cb4028,113.00000000000077,21852.84573,0xF2Bae8Ab5F1010364aB47Ac4909a320fb2cb4028-1768847332380
2026-01-29 00:53:50,day,sports,5,0x1117eade222413335b7ec959e5b48c1d3dbc3532,74.99999999941792,277985.6197389999,benwyatt
2026-01-29 00:53:50,day,sports,6,0x6d3c5bd13984b2de47c3a88ddc455309aab3d294,74.5837258908141,2408057.569208001,VeryLucky888
2026-01-29 00:53:50,day,sports,7,0xf68a281980f8c13828e84e147e3822381d6e5b1b,50.000000000349246,1186899.079738,Nooserac
2026-01-29 00:53:50,day,sports,8,0xdbb9b3616f733e19278d1ca6f3207a8344b5ed8d,33.873699879681226,145173.65743199998,bigmoneyloser00
2026-01-29 00:53:50,day,sports,9,0x4366ab8b8b27e4139d94a532e3cec94a83d1c73e,30.0,100.0,RBax
2026-01-29 00:53:50,day,sports,10,0x914a702066270b8c9d07499efd829ce3eec0f967,26.987499999981537,50451.537226,0x914a702066270b8c9d07499efd829ce3eec0f967
2026-01-29 00:53:50,day,sports,11,0x68146921df11eab44296dc4e58025ca84741a9e7,26.638606142892968,671966.291468,LynxTitan
2026-01-29 00:53:50,day,sports,12,0x507e52ef684ca2dd91f90a9d26d149dd3288beae,25.283623637165874,3195006.0850710007,GamblingIsAllYouNeed
2026-01-29 00:53:50,day,sports,13,0xc88adcf407a63baa2e470998c24f6fc0d1867e26,23.718606639991776,13122.133441,hjhjhjhjhjhjhj
2026-01-29 00:53:50,day,sports,14,0xbd2b9f647c5527da4663e7a011bb79c514117f04,21.0020999999997,26656.680857,0xbD2B9f647c5527Da4663E7a011bb79c514117f04-1767141426976
2026-01-29 00:53:50,day,sports,15,0x8162fa34ba1a4e6819b2bb8da61b079a84c428b0,19.064999999999316,737.4985,0x8162Fa34ba1A4e6819B2bB8dA61B079a84C428b0-1761639133208
2026-01-29 00:53:50,day,sports,16,0x46b353667fd7d846af3bbeda6584b0e5b883d3de,16.000000000000796,3755.2938000000004,ougabaga
2026-01-29 00:53:50,day,sports,17,0xf41acf49e99ea322b1c4db136e84ab73e7a1ea2b,15.055351326407617,105140.77984500001,stry
2026-01-29 00:53:50,day,sports,18,0xbfdfe31978b9ba79056b884ccf3bbc9225718e02,15.0,116713.744082,jole24
2026-01-29 00:53:50,day,sports,19,0x5316cc2beeef1adb236266e55e0a9ad2a48d1d07,13.5,9310.210925,Add777
2026-01-29 00:53:50,day,sports,20,0xf83ec0e37ac9eece71c064507270e9001a734663,12.72576662999927,2895.541479,JustClickeverywhere
2026-01-29 00:53:50,day,sports,21,0xf1f4d313795218b1c3bc72cd3f05dcf076fc544c,10.790408150001895,152249.63676099997,fijinice
2026-01-29 00:53:50,day,sports,22,0x9219d0b3f037d0b67562599504a61a4cce045ca1,9.875,1850.5823350000003,0x9219d0b3f037d0b67562599504a61a4cce045ca1
2026-01-29 00:53:50,day,sports,23,0xab12c41e6f7c6bb2ad7f22fefdd734f62b353a2d,9.224999999998658,1559.9549000000002,rocket661
2026-01-29 00:53:50,day,sports,24,0xb474a4da8c5726c95e7de43f15c49f39ccaaa4bc,8.801019899694438,50553.543178,ilovetennis
2026-01-29 00:53:50,day,sports,25,0x195d28a9756f90e305752fb19e50a7847b93b32c,8.302499999999988,322.5,0x195D28A9756f90e305752fb19e50a7847B93b32C-1768740003963
2026-01-29 00:53:50,day,sports,26,0xd1c968bf8f866ce8bb182865c1a07210a341a80d,7.995000000000001,304.0,0xd1c968Bf8F866ce8BB182865c1a07210a341a80d-1769519166845
2026-01-29 00:53:50,day,sports,27,0x6c16abad96d6989efe1b0333cb9af9158f548bfa,5.731800000008661,107249.04544900001,XPredicter1
2026-01-29 00:53:50,day,sports,28,0x30a4ae43ce2a8c55fc911b6615fb429a52898441,5.000000000014552,147713.32958399996,fixedgame
2026-01-29 00:53:50,day,sports,29,0x50b977391c4b3dd88b0a0bef03c3434fe4284298,4.800000000001546,2167.0038999999997,rocketcrypto
2026-01-29 00:53:50,day,sports,30,0x8b7a2dc15055cce7a5ad50736178d1956302a2cb,4.301320000007308,15330.694709000003,0x8b7a2dc15055cce7a5ad50736178d1956302a2cb
2026-01-29 00:53:50,day,sports,31,0x15f9a093826f6ac60380793a125c101d4a97607e,3.7498500000001513,9646.948234,Gilifi
2026-01-29 00:53:50,day,sports,32,0x85d57ae07c1c0cae93f1ed6d05166eff4233bbf0,3.577700000000732,27543.85078,rocky42006
2026-01-29 00:53:50,day,sports,33,0x7af7b0b9d86ab71c82b8b95daed7db9038c64693,3.575000000000003,719.8947400000001,ZSM4736326
2026-01-29 00:53:50,day,sports,34,0xa5ea13a81d2b7e8e424b182bdc1db08e756bd96a,3.4586512255482376,1655244.768861,bossoskil1
2026-01-29 00:53:50,day,sports,35,0xba5a661d54629836b50772f47be939e25ad7344c,3.1137372299999697,14694.348554999999,mememez
2026-01-29 00:53:50,day,sports,36,0x3250aec48e33a77dd2654adc84e2d86c9a8a04ad,3.075000000000024,794.9147,ZS18931
2026-01-29 00:53:50,day,sports,37,0x81e930b91d3423d231cce7b32623cd4ceac51812,2.9037499999999454,2333.7630730000005,jyttttt
2026-01-29 00:53:50,day,sports,38,0x8929a63143fba9416c8e0d3c96388b429c47733e,2.7600000000002183,24825.76903,rocky42025
2026-01-29 00:53:50,day,sports,39,0x204f72f35326db932158cba6adff0b9a1da95e14,2.6461035604588687,5616403.014983002,swisstony
2026-01-29 00:53:50,day,sports,40,0x13bd9529931bb4012264056823328b4488d91678,2.2568049999999857,178896.34479499998,0x13bd9529931bb4012264056823328b4488d91678
2026-01-29 00:53:50,day,sports,41,0x57d5758992c41a4d1d00c949f44b9188e6e70bbd,2.221799999990253,15063.256099999999,PepitoHabichuelas
2026-01-29 00:53:50,day,sports,42,0xdcc02d51ec15f7d4b9e2f16c068045a8f3916872,2.0750000000007276,7743.0814519999985,dCc02
2026-01-29 00:53:50,day,sports,43,0xd6f44883f664d7dc963d8b89c5a0689fdd330566,2.000999999756459,217656.87029999995,0xd6f44883f664d7dc963d8b89c5a0689fdd330566
2026-01-29 00:53:50,day,sports,44,0x888d7499795c30fe8435df00714862d1c4bc2dd6,1.9249999999998408,8545.17681,poool
2026-01-29 00:53:50,day,sports,45,0x6e2c0e9474af7d720e5aba2a5b0bb6f723b7787c,1.8750000000000568,3645.238486,ASPEN88888
2026-01-29 00:53:50,day,sports,46,0x1f3f08109773214a246be212aa71b61875b15878,1.6805099999992308,26705.442766,mrbone
2026-01-29 00:53:50,day,sports,47,0xb593d2b273ce766f3ac4af44440abc61d9330404,1.5500000000000682,1657.38235,ZS5273737
2026-01-29 00:53:50,day,sports,48,0xd4efc894d1511c48622d5956b5a327efbd346683,1.4000000000000001,0.0,ZS59323
2026-01-29 00:53:50,day,sports,49,0xdb27bf2ac5d428a9c63dbc914611036855a6c56e,1.2581305652856827,1555861.4158259996,DrPufferfish
2026-01-29 00:53:50,day,sports,50,0xa4bd8f49695cf5d55924aca4cc2694952874e8a2,1.1453995945939823,144723.676458,paas2
2026-01-29 00:53:50,day,sports,51,0x1455445e9a775cfa3fe9fc4b02bb4d2f682ae5cd,1.0835365616949275,1053073.6589,c4c4
2026-01-29 00:53:50,day,sports,52,0x0ee43574468bbffe8b1cca1c5236ef712452276f,1.0,8000.0,Syrianbutterfly
2026-01-29 00:53:50,day,sports,53,0xebcd95101dcc57084c21e929ad41048bc2e2a09a,0.9000000000000039,7430.1664820000005,0xEbCD95101dCC57084C21e929Ad41048bc2e2a09a-1768454642983
2026-01-29 00:53:50,day,sports,54,0xdc876e6873772d38716fda7f2452a78d426d7ab6,0.8907325165346265,5641118.455428,432614799197
2026-01-29 00:53:50,day,sports,55,0x4ffe49ba2a4cae123536a8af4fda48faeb609f71,0.8799999999923784,258093.69975,planktonXD
2026-01-29 00:53:50,day,sports,56,0xd36cff7e0b9aa10afd374fad6df21b500f2dd7a2,0.7999999999999972,80.0,0xd36cff7e0b9aa10afd374fad6df21b500f2dd7a2
2026-01-29 00:53:50,day,sports,57,0xa5ddee917bb3729dd3cb1eaab513a2b1721d3c30,0.6781500000000165,5062.049488,LYFLYF
2026-01-29 00:53:50,day,sports,58,0x20ad75e19b155f8518eb9e0486158f9884879c9a,0.6380949999584118,17662.36,anon-fake
2026-01-29 00:53:50,day,sports,59,0xe74a89d1ad9b3ac86e46c4a37b4f1fe795249780,0.6250000000000071,16248.045944000001,0xe74a89d1ad9b3ac86e46c4a37b4f1fe795249780
2026-01-29 00:53:50,day,sports,60,0xf5e15d3344c35890f1aa716dca88e13eb9065ad0,0.535335260006832,104299.64560700003,Bacc
2026-01-29 00:53:50,day,sports,61,0x8c57f67ac7cc69a4cf96be5747cb2ed63dc9f939,0.39682539599994016,1613.322922,mm4ker
2026-01-29 00:53:50,day,sports,62,0xdab80dd1a22ceef80d295c9fc3055e7f05741bc7,0.3569999999999709,26.3,0xDab80dd1A22cEEF80D295C9Fc3055E7f05741BC7-1768864637015
2026-01-29 00:53:50,day,sports,63,0xd730c5ec7c34164fc82db3404b55dde031811948,0.3296158000008518,2651.35,0xd730c5ec7c34164fc82db3404b55dde031811948
2026-01-29 00:53:50,day,sports,64,0x176976d23e6fec51ab94317ed435020f88c694ef,0.3000399999999246,459.978016,nisse32
2026-01-29 00:53:50,day,sports,65,0xf5a7b2ed20e42f02ba08fcabac6dbb445dcf63e7,0.2999999999992724,33391.476378,RipNDip
2026-01-29 00:53:50,day,sports,66,0xfc25f141ed27bb1787338d2c4e7f51e3a15e1f7f,0.2917449993547052,1602283.0657710002,kutar.
2026-01-29 00:53:50,day,sports,67,0x7bca2cc9154afbc3a7d064c62be3b15380e524ae,0.28949375609600025,391.7204,0x7BcA2cc9154afbC3A7D064C62bE3B15380e524Ae-1760788771735
2026-01-29 00:53:50,day,sports,68,0xcad4dd748092c65f339ea1b30a163e9ba6a4c108,0.27624042628940515,123841.519389,BreezyViper5908
2026-01-29 00:53:50,day,sports,69,0x9453547816a76de0458e6559dedfeee3ab8a22cf,0.2507331524998335,1954.545453,Speedrunner
2026-01-29 00:53:50,day,sports,70,0xd9e0aaca471f489be338fd0f91a26e8669a805f2,0.24660000076983124,331645.2059269998,0xD9E0AACa471f48F91A26E8669A805f2
2026-01-29 00:53:50,day,sports,71,0x0c0cadb6d71eafa6affb3f3ca77298fa131dc53b,0.1864999999999668,245384.500439,0x0c0cadb6d71eafa6affb3f3ca77298fa131dc53b
2026-01-29 00:53:50,day,sports,72,0x57a48e2fb8035dd9c32e139d6406fd14c0aef0c0,0.17734375000009095,2295.2838070000003,N1KTOJ
2026-01-29 00:53:50,day,sports,73,0x067f7f6e3d5363f1cf962499d1be2ca6de8be041,0.15624999994179234,360842.50469100004,SappySeal67
2026-01-29 00:53:50,day,sports,74,0x312d268ab4d1823684d6838f24a3c96da7d66814,0.15000000004874892,11531.005343,0x312d268ab4d1823684d6838f24a3c96da7d66814
2026-01-29 00:53:50,day,sports,75,0xf7f0b0b1e9c0fe02ccad926916ee31aef74b912c,0.1500000000014552,17329.722055,Rock.San
2026-01-29 00:53:50,day,sports,76,0xeab7b0a830a1755f1296fee950b3080e3529b389,0.1350000000303453,11634.511,triklozoid
2026-01-29 00:53:50,day,sports,77,0xfc8f8427bf21304d6d7bb0a3e55c92f20a6e3782,0.13108497096345673,136699.29928000004,3Elephants3
2026-01-29 00:53:50,day,sports,78,0xff7977ed61ae97baab42c8236c35382be93aa52a,0.1252764830005617,5464.818873,Goktug
2026-01-29 00:53:50,day,sports,79,0xbc824d55ab1fde36d287eea87073de6c26db6421,0.11999999999977717,1221.12,0xBc824D55ab1fdE36d287eeA87073DE6C26Db6421-1767451104360
2026-01-29 00:53:50,day,sports,80,0x239b1478897d4621729a3eb13d18929ba882f8bf,0.10999999999762622,8228.541987,CTHLIMIT
2026-01-29 00:53:50,day,sports,81,0xfa011919b3ce3222620052757ee0f0c66c41f0a7,0.09999999999911324,12994.45415,Socialista
2026-01-29 00:53:50,day,sports,82,0x77bcf759a5bbbf604a52d839d5f68ead4c78b91b,0.09821765846936614,95676.77744999998,Poissonic
2026-01-29 00:53:50,day,sports,83,0xb0ef91fd1e5924f49dca12b260dc35b732e239b6,0.0874999999996362,14598.130000000003,0xb0ef91fd1E5924f49dCa12b260dC35B732E239B6-1764342916237
2026-01-29 00:53:50,day,sports,84,0xed2c371514045d7292b8cbc5234ed2317a709597,0.08653845499884483,236765.20816999994,0xeD2c371514045D7292b8Cbc5234ED2317a709597-1765450442089
2026-01-29 00:53:50,day,sports,85,0x2c549cef0deb7189368c48ee5b77057390627e41,0.0850150000001122,3907.365108,0x2c549cEF0Deb7189368C48EE5B77057390627e41-1765184708206
2026-01-29 00:53:50,day,sports,86,0x7b0ee6d13a5b69967e8e27420c728a203fd52b59,0.08500000000003638,1889.742247,0x7b0eE6d13a5B69967E8e27420c728a203fd52B59-1767446571286
2026-01-29 00:53:50,day,sports,87,0xca39e31cfc642b101585dfafcfaa6cfdf5634ed7,0.0793650780000803,697.7898329999999,ichiho
2026-01-29 00:53:50,day,sports,88,0x7b0f30582737c82e524d8e690e7d0cabbe5de949,0.07676029581898547,1286.6029819999999,0x7b0f30582737c82e524d8e690e7d0cabbe5de949
2026-01-29 00:53:50,day,sports,89,0x313d1a2f6c6bcc8d54197860e182eb722b416f98,0.07500000000000995,571.27,ch0p
2026-01-29 00:53:50,day,sports,90,0x2fd54bf01afa1b57024c52ff13bf11a4ff3fef85,0.07346000000029562,13585.138194000005,otec1
2026-01-29 00:53:50,day,sports,91,0xb0e6e9d78abb72cc973d2330769bad13fc8884a8,0.0709620494999399,923.926092,4uvak
2026-01-29 00:53:50,day,sports,92,0x47a61238c9f8c091695a2ec07c9a807da4fd69e0,0.06999999999970896,29571.195808,linchu
2026-01-29 00:53:50,day,sports,93,0xea818200633ae1df3b7012e800011887e62deeae,0.06794108999929449,6143.518834,NobleFlameApso
2026-01-29 00:53:50,day,sports,94,0x623815104ea129ecb3b912c93eb0729ce34a0523,0.059999999999860165,24956.188684999997,spxxd
2026-01-29 00:53:50,day,sports,95,0x6ab434242be94f834de8d38ba2de0b4cbfdaa81b,0.05999999999949068,27574.08774,STAYCALM
2026-01-29 00:53:50,day,sports,96,0xf7641b7b7a58de0bf6c5a9f82ae97baed8f2a2a5,0.04999999999999716,617.177366,dytrading
2026-01-29 00:53:50,day,sports,96,0x26b75a075acce5f42484d1a811a4db0de35f68a2,0.04999999999999716,1751.7797209999999,17RRoo
2026-01-29 00:53:50,day,sports,98,0x15e3a103c2f25695bd4abd4deb025cbd47f5009f,0.049999999999954525,2899.979233,finalstrike
2026-01-29 00:53:50,day,sports,99,0x72feb0744e3c7be992d15fb57e6cb45f16bae2ce,0.045000000000015916,100.69439,PositiveG
2026-01-29 00:53:50,day,sports,100,0x3c7ebc96f744a2a52841733c0b3dfe66011ea65f,0.04234999999971478,67008.202085,turbocraft
2026-01-29 00:53:50,day,crypto,1,0xf49a30eeba44edc98c104bd9830be7a5c140f9ba,1085.5009291309398,302396.58977300004,0xf49a30eeba44edc98c104bd9830be7a5c140f9ba
2026-01-29 00:53:50,day,crypto,2,0x3c02b4aee7f41917adbf21a4db4297fd9aeb5a6d,579.0004893224065,154877.54351100003,0x3c02b4aee7f41917adbf21a4db4297fd9aeb5a6d
2026-01-29 00:53:50,day,crypto,3,0x89c727696cfd6b8d7422e8c38b1be4114096d5fe,362.49999999999994,3599.9396,nanavs
2026-01-29 00:53:50,day,crypto,4,0xe9935db50c1d29d8232399c0ef2cfead3251ab37,300.2504500000164,90428.733159,Bmyles51
2026-01-29 00:53:50,day,crypto,5,0x09768dcd28e43689592255430a3c9614b9b25989,288.50025000002825,89354.56165000002,-RN2-
2026-01-29 00:53:50,day,crypto,6,0x826b91a02114b959c81bd2477f16b0a7e82d4ac7,252.25005000000408,72226.65364500001,2026richlv
2026-01-29 00:53:50,day,crypto,7,0x375e6170bd4254dd7377555e5ef62fbbb679b7b4,242.49999999998363,96198.15969999999,chautaqua
2026-01-29 00:53:50,day,crypto,8,0x266e623ac7ebf771642fc1ab940afa155950b420,237.13570841615274,71412.37252599996,name1234
2026-01-29 00:53:50,day,crypto,9,0x006d7df4b2bb10d871e87f64a21d9d31f25306f8,214.49999999992133,31838.131691000006,quickstepcapital
2026-01-29 00:53:50,day,crypto,10,0xc8d27d1946f7f4511d1ef5f9144db21f67bca0e2,206.52506999999991,13490.022325,Negranathos
2026-01-29 00:53:50,day,crypto,11,0x1b01c2ecb169106f969e540ae8f971cb267ae9f7,159.20024634610832,64766.443788000004,BayesSignal
2026-01-29 00:53:50,day,crypto,12,0xa47c1d54b710850c0b9e79ea7d6ff426284114c9,144.9999999999966,17999.677499999998,tigertony3
2026-01-29 00:53:50,day,crypto,13,0xdc3ffc7857b75c8cb2b01413c7696e7d4728f038,141.150120000455,47283.630720999994,0xdc3ffC7857B75C8CB2B01413C7696e7D4728f038-1766877916183
2026-01-29 00:53:50,day,crypto,14,0xd9c2f8e66119a903df7fc110c3b0ec20d16e2ce9,117.02990553000001,17997.228566,Joigdryjhffy
2026-01-29 00:53:50,day,crypto,15,0x371a0d623144ad877c81614afe52c356619c34b0,97.8750000000091,20300.371039999995,St-Qc
2026-01-29 00:53:50,day,crypto,16,0xada82ab6e4645e18ef4bb28fe1d0d3e607aabb1e,96.99999999999997,32399.350600000005,Quentin1
2026-01-29 00:53:50,day,crypto,17,0x7163028e3e64ee12eb6b1e349a078aaf3022a9e5,96.9999999999996,20499.417,megamm2
2026-01-29 00:53:50,day,crypto,18,0xa1431c606a6384d0ff0517f564172bf7f3de2ea6,85.79999999999973,22176.3005,shawmatthew
2026-01-29 00:53:50,day,crypto,19,0x53295fbe13e69e40690eb14b6dcaf702673b7eb0,83.94513199999346,10574.685146,bissy2
2026-01-29 00:53:50,day,crypto,20,0xa5d67920cfa87c9b39280eabe2711794f4366f47,79.75000000000034,10449.906399999998,winmax
2026-01-29 00:53:50,day,crypto,21,0xccc30b8bc923706e4111eb6de69dc0f82223aedc,73.22500000000002,19087.4896,0xccc30b8bc923706e4111eb6de69dc0f82223aedc
2026-01-29 00:53:50,day,crypto,22,0x69bb085a3a4b980a22223a75aee9b2a1c51138e9,72.50005118035997,22982.293528000002,0x69Bb085a3A4b980A22223a75AEE9b2A1C51138E9-1769611922574
2026-01-29 00:53:50,day,crypto,23,0xd64bd92151ffdf6d205d00e3d27002212e4bd37c,72.50000000000682,54535.246100000004,vitalikxbt
2026-01-29 00:53:50,day,crypto,24,0xd0933632c18a9194ef2df3dc5a8f2f4a2a267ed3,72.5,1200.0,quemuatest
2026-01-29 00:53:50,day,crypto,25,0x344cfb8888ea5de6b88c41d89adfc16b650fdfc7,72.49999999999997,9828.717912999999,testtttttttttttttttttttt
2026-01-29 00:53:50,day,crypto,26,0xd2a4aa24f136f4217d640c0b862a6ed1766c3ee9,71.49999999999994,18605.776594,Daisyninja
2026-01-29 00:53:50,day,crypto,27,0xa3d043b2da34f58045c6485d3f89b798b2b0ec04,66.58271361718835,11549.867574,0xa3d043b2da34f58045c6485d3f89b798b2b0ec04
2026-01-29 00:53:50,day,crypto,28,0xdef56521b84e2abd6b6106b310eabbe7b2b0a2bf,57.70004999999978,21236.944512000002,RN3
2026-01-29 00:53:50,day,crypto,29,0x0085d8a93dcfb0aef5414a3be00aae7a91c661d5,56.00761633678199,109.50692300000001,Ozi-12
2026-01-29 00:53:50,day,crypto,30,0xfc013900fd8ef7232d449aa2b19b77374e0b603b,54.91949999999997,8877.179809000001,eddddddddd
2026-01-29 00:53:50,day,crypto,31,0x462f36a3afeefbe0d8622b4e537632189df3e3ff,52.22899984000037,67754.75378500001,0x462f36a3afeefbe0d8622b4e537632189df3e3ff
2026-01-29 00:53:50,day,crypto,32,0xc364dd9e7859892c532ab5faf6950991c7c03a58,49.69249999999988,8581.78235,0xC364Dd9e7859892C532ab5faf6950991c7c03A58-1768273914650
2026-01-29 00:53:50,day,crypto,33,0x46b353667fd7d846af3bbeda6584b0e5b883d3de,48.50000000002464,28736.907500000012,ougabaga
2026-01-29 00:53:50,day,crypto,34,0x0967b9935db95bd9c6a6b09d8aa7bb96ea9df505,43.23261189568848,42960.18897100001,0x0967b9935db95bd9c6a6b09d8aa7bb96ea9df505
2026-01-29 00:53:50,day,crypto,35,0x0b0cdd83f96ae05147a155e5e7f8a81997b5ef35,41.02144999999996,11021.631791,diamond8
2026-01-29 00:53:50,day,crypto,36,0x6be699d690af20205800d5e562b230bf1b2aa59f,35.75000000000003,2229.86495,mitsu
2026-01-29 00:53:50,day,crypto,37,0x32dedac3b12de96ae548e44cd2199c6e7a226253,35.75,250.0,lesapig6
2026-01-29 00:53:50,day,crypto,37,0xf930f224ba5beb71d11f5dba404503a6e8f52ac1,35.75,4649.75195,faifteen
2026-01-29 00:53:50,day,crypto,37,0x433443fa6a5fb9b5fb2696e1b2629e4ddffa1a5f,35.75,3771.7060919999994,mori2225
2026-01-29 00:53:50,day,crypto,40,0x11756cd3d800815abd54312baf8961abea598375,33.95000000000789,11564.6683,agougoule
2026-01-29 00:53:50,day,crypto,41,0xad1754ffaf858dd79bf7657c1f5935f40e5e752b,31.900092510000007,4216.193332,Dash-Bag
2026-01-29 00:53:50,day,crypto,42,0x86f5dfd9749f9de0f18175276ed65d9df6dd9ee7,31.625072999998565,18808.937589999998,counttothree
2026-01-29 00:53:50,day,crypto,43,0x51d995178114dec00702b2478a1f6403e34a6129,31.57724999999931,6021.649223000001,markevans123
2026-01-29 00:53:50,day,crypto,44,0x41b17d195b6902c99823917442197b44994dfa7a,28.850024999999945,9259.301912,0x41B17d195b6902C99823917442197b44994dfA7a-1768228990551
2026-01-29 00:53:50,day,crypto,45,0x682a9e542e3b2c49f4eb0c172d4c4a3592504b37,28.60000000000001,3719.7949999999996,RB626363
2026-01-29 00:53:50,day,crypto,46,0x6338674d226eb48ee891b46d39be514f830c4b29,28.59399951999999,128.611438,singualariusV
2026-01-29 00:53:50,day,crypto,47,0x5c6552aff127287e4ad45d472281758732b6ac3e,24.5,2099.9281,hao159
2026-01-29 00:53:50,day,crypto,48,0xd2b51d9accca5ec0a853eb0d94eeb0dce9a82889,21.596973238847568,59451.37543000004,Domx12
2026-01-29 00:53:50,day,crypto,49,0xb232ca6108a083e93f4b91718d71be036437771d,21.44999999999999,2759.8483,ShahRiazKhan
2026-01-29 00:53:50,day,crypto,50,0x58bb48cf870adbb56edfe3298849d706409ca539,21.350010000003266,1109.966199,0x58bb48CF870adbb56eDFE3298849d706409Ca539-1760710501220
2026-01-29 00:53:50,day,crypto,51,0x17fc67f02901e831c32f5b8fdb6c7d57c1e70b47,20.399999999979173,20782.576128,0x17fc67f02901e831c32f5b8fdb6c7d57c1e70b47
2026-01-29 00:53:50,day,crypto,52,0x0ce836f715f09ce4a8768bb230e631a59e393352,20.375000000168313,5606.748750000001,OrderFirst
2026-01-29 00:53:50,day,crypto,53,0x034e325dd21401c6ba00357712dd5c174e561829,19.84925337691299,574.9154420000001,0x034e325dd21401c6ba00357712dd5c174e561829
2026-01-29 00:53:50,day,crypto,54,0xe594336603f4fb5d3ba4125a67021ab3b4347052,18.35984313642257,3582207.3389459997,0xE594336603F4fB5d3ba4125a67021ab3B4347052-1769022918519
2026-01-29 00:53:50,day,crypto,55,0xe8d68fd271ad704a55f9bb0e4fc6276ee9adc964,17.775014999999968,29261.584018999994,Little-big
2026-01-29 00:53:50,day,crypto,56,0xd0d6053c3c37e727402d84c14069780d360993aa,17.57441997528076,1927812.2104029998,k9Q2mX4L8A7ZP3R
2026-01-29 00:53:50,day,crypto,57,0x3497c005ce00854fe6b9545809f1314fae0e8a86,17.375075000000002,599.983519,NothingEverHappensInDespiteOfEnt
2026-01-29 00:53:50,day,crypto,58,0xaf066fdb4887735128febdd38958dc480484d9e1,17.280499400000053,1693.8474130000002,0xaf066fdb4887735128febdd38958dc480484d9e1
2026-01-29 00:53:50,day,crypto,59,0x9e48751ca7bcf890a75cce310c4eddf12efc10fc,16.40674919,3968.521204,notsamtoor
2026-01-29 00:53:50,day,crypto,60,0x6eea972030c24bd4dc184c4a58f3cd85a0fb4977,15.928249999999025,7132.009031,movego
2026-01-29 00:53:50,day,crypto,61,0x27ca256a5257c2ce87dd156330c6c385c2d8773a,15.22499999999999,1448.8873349999997,Xan9483745
2026-01-29 00:53:50,day,crypto,62,0x08bf40defef7c5dd0dc4ddfeaf7b3f375823df57,14.664649849998796,6550.072051000001,nihaoworld
2026-01-29 00:53:50,day,crypto,63,0xab12c41e6f7c6bb2ad7f22fefdd734f62b353a2d,14.549999999992622,740.9901,rocket661
2026-01-29 00:53:50,day,crypto,64,0x50b977391c4b3dd88b0a0bef03c3434fe4284298,14.54999999998688,9364.867100000001,rocketcrypto
2026-01-29 00:53:50,day,crypto,65,0x353b9cde929d3ccbb2cdbb52b13c2e7e1a4e5493,14.350020000000086,54624.836043,Daniel230991
2026-01-29 00:53:50,day,crypto,66,0x444ae152ef147148fade3a3642a4888b3875f56e,14.300000000000022,1851.3238,iwintro
2026-01-29 00:53:50,day,crypto,67,0x57db9aefbc2d67b5e37a10da552663a11c24be54,14.29999999999999,1859.8399999999997,ZB863638
2026-01-29 00:53:50,day,crypto,68,0x6303284594f4f9672af909b11a05d5c3d24ab2a1,12.148771575980845,6304.63779,Donsitopons
2026-01-29 00:53:50,day,crypto,69,0xe00740bce98a594e26861838885ab310ec3b548c,11.184901457920205,430379.77700800006,distinct-baguette
2026-01-29 00:53:50,day,crypto,70,0x17a07424b692d024f6e1627bb9ef697a6fc3b244,11.168350610000005,2190.4305769999996,dlsmsenfdlek
2026-01-29 00:53:50,day,crypto,71,0x97f714d018321b9def748724117e9ab4b187c513,11.04274907000003,2308.9946720000003,sksmssjtka
2026-01-29 00:53:50,day,crypto,72,0xb49b9666e655827e2d28a09686be78af7f6f89ff,10.67499999999977,4332.462500000001,w2alexpro
2026-01-29 00:53:50,day,crypto,73,0x2254a9ca800571cca2bb46195d399e39cf032937,10.274999000000037,21860.701846000007,0x2254a9ca800571cca2bb46195d399e39cf032937
2026-01-29 00:53:50,day,crypto,74,0x4fc0a52a3eec17380ac240caace3433b09bffed7,10.120831792240551,18321.081100000003,0x4fc0a52a3eec17380ac240caace3433b09bffed7
2026-01-29 00:53:50,day,crypto,75,0x07aaa015eda76773a7f99ed314d6db8d478e7a42,9.500021499969932,9128.842594000002,web3xuan.xyz
2026-01-29 00:53:50,day,crypto,76,0x9500af57be19b2892b63ee02e0384fa1e269a2d0,9.500010000000003,4954.571188000001,biebie
2026-01-29 00:53:50,day,crypto,77,0xa0a0bb423044142311ab47945fa345756b7ea912,9.499999999999545,10323.003152000001,gbgbp
2026-01-29 00:53:50,day,crypto,78,0x6d18112dcefcbe7cd7d0b3ae43c917d4168ed16c,8.917499999999905,5785.099004000001,X2p0h67733
2026-01-29 00:53:50,day,crypto,79,0x86b65edf346f588dd5b615d77eeb86e920ca5604,8.219999999999914,2850.2195059999995,pNHZ026
2026-01-29 00:53:50,day,crypto,80,0x3fc4b07246e5eeda3e41526941725fedd433094f,8.08499999999998,1760.5908,notgabagool
2026-01-29 00:53:50,day,crypto,81,0xcf155c772f28f75ea47e8cc93f3f21ca2a1964fd,7.895250000000033,2855.3654600000004,0x309
2026-01-29 00:53:50,day,crypto,82,0x182fc9e1c100c6a95d743cab09dec87239002987,7.25,80.0,0x182fc9E1C100C6A95d743cAb09dEc87239002987-1763923912631
2026-01-29 00:53:50,day,crypto,82,0x25aa8feeba4b5001759de7a6c5eae02e3333a681,7.25,929.9901,aguapotavel
2026-01-29 00:53:50,day,crypto,84,0xcbff1da3ccfe4883f42d174d7630f96cfbffa398,7.249999999999886,950.0,Kkkktr
2026-01-29 00:53:50,day,crypto,85,0xcc95c059f2439540662e57603e5ab68bcd0c07c6,7.213750000000001,618.7206830000001,0xcc95c059f2439540662e57603e5ab68bcd0c07c6
2026-01-29 00:53:50,day,crypto,86,0xb3435c7d19d815431f0c58dfc4e6b7cd8c5f972f,7.19925000000012,10162.278343,builder1289
2026-01-29 00:53:50,day,crypto,87,0xae97307a14edff1e0d0cf21b9ca0904559a98b71,7.150049647750279,5466.002860999999,Cuicanxx
2026-01-29 00:53:50,day,crypto,88,0x5911787d79ff491ab966c6aff03ff18b2a7eafe8,7.149999999999999,380.0,btf2
2026-01-29 00:53:50,day,crypto,89,0x04a6bb8c9800028017a37c3b333afab4ead8842d,6.835054999998647,18549.001143,Dz99
2026-01-29 00:53:50,day,crypto,90,0xbaff84e639ccb746b6ce666e718f0678de202954,6.403499999999795,10344.253001000001,0xbaff84e639cCb746B6CE666e718F0678de202954-1762854771543
2026-01-29 00:53:50,day,crypto,91,0xecab25f02a38a743773bc7435eb943d9dadcd4f7,6.291999999999575,4542.322999,niudehua
2026-01-29 00:53:50,day,crypto,92,0xcb8c144d8d36f9a05c9eec039b165a45018d69b1,5.993749050000133,1860.196388,Kittus
2026-01-29 00:53:50,day,crypto,93,0x2db6a405387fdf15e24b2a8c7c522ec69d013a3f,5.1697500000000005,1330.4641020000001,QMAX
2026-01-29 00:53:50,day,crypto,94,0x89ec31479820d66a4a8dceac7860b661b5d08b88,5.125007513331639,487.608833,Dbin
2026-01-29 00:53:50,day,crypto,95,0xdaae6af2c77256c36f6e90f67fe54cf41b37a6ce,5.074999999999932,14570.144779000006,0xdaae6af2c77256c36f6e90f67fe54cf41b37a6ce
2026-01-29 00:53:50,day,crypto,96,0x6837a149d2278bc60fbe30a4b77246afd4029ca9,4.924722957923223,258094.16929600004,citispec
2026-01-29 00:53:50,day,crypto,97,0x5ceea619f91d14738129b99a486731f242e8275d,4.763249999999992,208.41000000000005,0x5ceeA619f91D14738129b99a486731f242E8275d-1763061206449
2026-01-29 00:53:50,day,crypto,98,0x63ce342161250d705dc0b16df89036c8e5f9ba9a,4.739853420644067,1145016.5903220002,0x8dxd
2026-01-29 00:53:50,day,crypto,99,0x07eb2613e8d93bf57e3f8a24664e824ba97e8906,4.349999999999994,1304.983389,usdcprinter
2026-01-29 00:53:50,day,crypto,100,0xc618d2959e1305a732763a681ee20096f5baad7f,4.250007183650041,2044.01496,greenjumpingfrog
2026-01-29 00:53:50,day,finance,1,0x9422f0e5a2c4358bdd2a901aa2a31f58e04ef273,1.8672839139998132,8484.171249,flexer78
2026-01-29 00:53:50,day,finance,2,0xd669285bf648db2cc7df6be6751b9dc7364cf5e7,0.47937499999999744,129.37,392a0
2026-01-29 00:53:50,day,finance,3,0x945a49252f772a10c6ddd1d1e1e24ee20438a48c,0.47610472119583847,13225.682680000002,manual-trader-111
2026-01-29 00:53:50,day,finance,4,0xe8f9d45a0b9dccc1addd9400f5951d7e209177e8,0.17850000000001387,14368.536506,BuyNHold
2026-01-29 00:53:50,day,finance,5,0x25b910cf968a626438316b6ab7275ea6a5563058,0.14074999999999704,141.11,JakeBeez
2026-01-29 00:53:50,day,finance,6,0x3df425c664267be70b2ceff79a9a134394a6ead2,0.0343072976310026,190.485557,a98hsssdf3
2026-01-29 00:53:50,day,finance,7,0x9b8d976615c93a1949352332eee4ba93a374aebf,0.022589620000140087,0.0,kdrk
2026-01-29 00:53:50,day,finance,8,0x7d82cc70e94feec4c661591cefb6abdd2d813ad0,-0.02259034971999796,0.0,ActiveLegend3697
2026-01-29 00:53:50,day,finance,9,0x81939e383f5f954d1d8f550ab3c3911185b4a0d7,-0.1407500000000006,28.44,0x81939E383F5F954D1d8f550aB3c3911185B4A0D7-1763424530038
2026-01-29 00:53:50,day,finance,10,0xe98d2d4092b5f123de75d9c6a7164386db168fe0,-0.17840626004598903,1747.999301,iSpaceX67
2026-01-29 00:53:50,day,finance,11,0x21ffd2b7a212a6f277ed3eca1a9f8efcbca90d71,-0.4793750000021646,28886.050841999993,Haradwaith
2026-01-29 00:53:50,day,finance,12,0xc503a86f8beac7f30378f01ce141ee898d5f3b5d,-0.5422499999999673,30.0,chirs
2026-01-29 00:53:50,day,finance,13,0x0609a2d052f288ae3b42814a68c94e4f2bd7b093,-1.8672142049690024,2179.5773950000003,0xDigitalOil
2026-01-29 00:53:50,day,culture,1,0xf66ceb07affeed8b86737de32ef3fbec02bf4ab1,0.028948990615845105,4806.4217640000015,Kulborg
2026-01-29 00:53:50,day,culture,2,0x876ffee8435584df07ce943e60d688e59c9f6d33,-0.004581228222999889,0.0,0x876ffEE8435584DF07Ce943E60d688e59C9f6D33-1769540705753
2026-01-29 00:53:50,day,culture,3,0xf30e069b3950fb60052b91dc86995ccc4554496d,-0.024357725139999342,0.0,0xF30E069b3950fB60052b91dC86995ccC4554496d-1769542928973
2026-01-29 00:53:50,day,weather,1,0xa49b6ea0a604c581f2a9569db42c192b1c487054,0.9883869999976014,6139.041035999997,7zhfr68nhf568jgr346j
2026-01-29 00:53:50,day,weather,2,0x9977760c6bd6f824cac834d1a36ee99478d63020,0.8979999999992287,33379.542395000004,meropi
2026-01-29 00:53:50,day,weather,3,0x19f770dc215e0f5a5dffce1015305d896a96ff75,0.537904085961955,741.1108040000001,wrin
2026-01-29 00:53:50,day,weather,4,0xb40e89677d59665d5188541ad860450a6e2a7cc9,0.3571595193761823,21830.173116,Poligarch
2026-01-29 00:53:50,day,weather,5,0x8a37fe3a49a36de9facd04bd09ee379211f7c99c,0.2994499999999789,22372.11,ggmggn
2026-01-29 00:53:50,day,weather,6,0x9422f0e5a2c4358bdd2a901aa2a31f58e04ef273,0.16192000000035023,3890.6032729999997,flexer78
2026-01-29 00:53:50,day,weather,7,0x458c5bfd9bff538f98216a67b156832e7486c504,0.09999999999999432,84.12,88888stupidmoney
2026-01-29 00:53:50,day,weather,8,0x79922ac65b4926c491f62e6adb6dd347ccaafe8d,0.004526490000003491,144.32999999999998,theneed4sneed
2026-01-29 00:53:50,day,weather,9,0x6eaaddf186883f44a62497ab26a6df9960779bae,0.0025500000000002743,66.3,isiba
2026-01-29 00:53:50,day,weather,10,0xb951321c18a68d8a08a3b899e7fe37cfbb75585a,-0.0044978172740002265,1829.8998159999999,0xb951321c18a68d8a08a3b899e7fe37cfbb75585a
2026-01-29 00:53:50,day,weather,11,0x0090d7e0440d0afa319c47510566b8caa15fac59,-0.10000000000000053,0.0,0x0090d7E0440D0aFa319c47510566b8CaA15Fac59-1768154839381
2026-01-29 00:53:50,day,weather,12,0x4272d41c92ad8147b58daec42ae0ef66082c5ab0,-0.35711896048201197,423.737293,NiuMa2025
2026-01-29 00:53:50,day,weather,13,0xbbc7a26dfe99d3c718e8b091159469505a58150f,-2.8881772054760004,462.473132,Pokeball333
2026-01-29 00:53:50,day,economics,1,0x96489abcb9f583d6835c8ef95ffc923d05a86825,15.536954402115953,151326.29596799996,anoin123
2026-01-29 00:53:50,day,economics,2,0x8d88d51a302d3bfb8fc2f71abdfd5f676cbd1e28,0.2630000000003747,82129.37714799999,rocky42016
2026-01-29 00:53:50,day,economics,3,0x58d9789f32402a07e100c40125c244e8c58423f3,0.18619919999999723,15922.094553,0x58d9789f32402a07e100c40125c244e8c58423f3
2026-01-29 00:53:50,day,economics,4,0x59a89b61462a70eb1f9a3610a092c523f43aa019,0.11605417980100707,9530.569949000002,124e
2026-01-29 00:53:50,day,economics,5,0xd805b1aaecf1a0be64bd8244b7ab95aa32dc4a00,0.06749999999556167,999516.291413,fguytfcvhyrdfji
2026-01-29 00:53:50,day,economics,6,0xa5c7114b3c17cc6b64afd5883eaabc7272497e7b,0.06687858000000002,1290.3000000000004,pioneers2026
2026-01-29 00:53:50,day,economics,7,0x688496472c6553c739b1ec2cc1431ee55810417c,0.0646091900000556,33185.423501,shudd
2026-01-29 00:53:50,day,economics,8,0xc78d45a110d2a8b0f9682d4f5d6ceedf432787eb,0.05080241530599908,814.471306,prose0128
2026-01-29 00:53:50,day,economics,9,0xea5ff76a4fd2cddfd312f995434b30b59bc64b09,0.02500000000000213,714.8955,ProbablyPomPom
2026-01-29 00:53:50,day,economics,10,0x9dc2e5f6d8a88fd78d549d390918671282ef0727,0.015776322559929667,13497.102525000004,Bska36
2026-01-29 00:53:50,day,economics,11,0xea2986f56a8c0c2e2cd4991ad2ea6469ea5343e3,0.009999999999990905,3321.340779999999,rockyd
2026-01-29 00:53:50,day,economics,12,0x682c92615993fd1f75cdfe101efdc1a8adcb17ae,0.009717653030747897,107378.13612199998,simplystupid188
2026-01-29 00:53:50,day,economics,13,0xd6533dede4275c048478eaac318038dc5ed856a1,-0.025000000000000355,0.0,ymom
2026-01-29 00:53:50,day,economics,14,0x4f69462af8749b34f1211835acb2378663f09949,-0.025275000000007708,0.0,0x4F69462AF8749b34F1211835Acb2378663f09949-1723543289402
2026-01-29 00:53:50,day,economics,15,0x8575467a6743c81ef0a8d06acc76e99b454a87fe,-0.06750000001193257,59803.50634199999,products
2026-01-29 00:53:50,day,economics,16,0xd3a6e523c440f94f9259398fbcf7b5cc5ccffd55,-16.27727216999847,23340.63,operationcastle
2026-01-29 00:53:50,day,tech,1,0xd362566464efa05a15a3d7ce3224067564879bc4,0.0031151109990013026,2089.483014,Vincent123
2026-01-29 00:53:50,day,tech,2,0x876ffee8435584df07ce943e60d688e59c9f6d33,-0.0010362956670000312,0.0,0x876ffEE8435584DF07Ce943E60d688e59C9f6D33-1769540705753
2026-01-29 00:53:50,day,tech,3,0xf30e069b3950fb60052b91dc86995ccc4554496d,-0.0020725913340000623,0.0,0xF30E069b3950fB60052b91dC86995ccC4554496d-1769542928973
