address,userName,category,total_score,rank_score,pnl_score,consistency_score,volume_score,recency_score,first_rank,last_rank,rank_change,first_pnl,last_pnl,pnl_change,pnl_growth_pct,appearances,avg_volume,days_tracked,score_rank
0xad5353afe30c2da57709e2704ef3ccdcf67eef24,AJSV,weather,63.91,21.21,25.0,11.43,1.27,5.0,72,2,70,21.66079196830765,119.97233454405888,98.31154257575123,453.87,4,306.9,3,1
0x16fa9d0c262fd6301ca95be330f7077295e26d0d,0x16FA9D0C262fd6301ca95BE330f7077295E26D0d-1767949291701,weather,61.27,23.64,25.0,5.71,1.92,5.0,83,5,78,17.69589055699987,75.00980428258697,57.3139137255871,323.88,2,465.31,1,2
0x740161fea93bcb1b4521a438df296b0fb84d05c6,Booboobutt,weather,58.76,15.45,11.31,14.29,12.72,5.0,54,3,51,52.33362478206709,99.67109355999946,47.33746877793237,90.45,5,3083.47,4,3
0xbbc7a26dfe99d3c718e8b091159469505a58150f,Pokeball333,weather,55.69,2.12,25.0,8.57,15.0,5.0,13,6,7,-2.8881772054760004,176.99228906340898,179.880466268885,6228.17,3,21776.78,0,4
0x9977760c6bd6f824cac834d1a36ee99478d63020,meropi,weather,53.57,0.0,25.0,8.57,15.0,5.0,2,42,-40,0.8979999999992287,31.184958296009427,30.286958296010198,3372.71,3,14520.56,3,5
0x0c6d56ba828bfa104d2b0e5b32f95fa0068c1358,shanze,weather,52.89,15.15,20.36,11.43,0.95,5.0,62,12,50,24.99666119199992,65.71102230999992,40.714361118,162.88,4,231.05,1,6
0x2e3cc8abc44e1df60af7fe7cf9316e646272ca53,otterr,weather,52.75,0.0,25.0,14.29,8.46,5.0,5,62,-57,0.4500000000000455,32.742523128000414,32.29252312800037,7176.12,5,2051.52,6,7
0x0ccbf59e696d25dee13ff3bea1adc67040d66c69,MichelleEllis3790,weather,52.21,13.64,25.0,8.57,0.0,5.0,51,6,45,32.32000000000001,176.34600000000006,144.02600000000007,445.63,3,0.0,2,8
0x875e974594985283c999765461bf2e15b4dee6b5,CorkisGeldbeutel,weather,51.75,26.06,3.69,11.43,5.57,5.0,95,9,86,91.3178769081402,118.28070929099977,26.96283238285956,29.53,4,1349.5,3,9
0xdab363850e8bb84d8d50fabce3e9749884ad3bf5,salvalberti,weather,51.64,13.94,25.0,5.71,1.99,5.0,47,1,46,35.30132999999978,195.8681186920107,160.56678869201093,454.85,2,482.53,1,10
0xf2ebb6fb4982c8ff49ddc89c802c70b250f16eb5,0xf2ebb6fb4982c8ff49ddc89c802c70b250f16eb5,weather,50.71,0.0,25.0,5.71,15.0,5.0,11,92,-81,0.1686139214818922,13.93840144293199,13.769787521450098,8166.46,2,5841.57,9,11
0x8a37fe3a49a36de9facd04bd09ee379211f7c99c,ggmggn,weather,50.71,0.0,25.0,5.71,15.0,5.0,5,67,-62,0.2994499999999789,30.29401000000047,29.99456000000049,10016.55,2,26162.3,0,12
0x5f211a24da4c005d9438a1ea269673b85ed0b376,dpnd,weather,50.15,8.48,25.0,8.57,3.1,5.0,32,4,28,49.76430650856037,163.4545528779754,113.69024636941504,228.46,3,750.94,0,13
0xa49b6ea0a604c581f2a9569db42c192b1c487054,7zhfr68nhf568jgr346j,weather,48.42,0.0,25.0,11.43,6.99,5.0,1,2,-1,0.9883869999976014,389.524852346025,388.5364653460274,39310.16,4,1695.16,0,14
0x29506eba1ffcf4f02ffffcfd2ee5f1ecb961ffea,AnthonyBeasley5530,weather,46.46,10.3,18.18,11.43,1.55,5.0,36,2,34,44.64500000000013,109.56000000000012,64.91499999999999,145.4,4,377.0,1,15
0x28c92641825bb0b0229980a000ff845ee80999aa,DavidDyer3788,weather,44.61,11.52,16.67,11.43,0.0,5.0,57,19,38,28.5,66.5,38.0,133.33,4,0.0,2,16
0x906f2454a777600aea6c506247566decef82371a,Railbird,weather,44.56,0.0,25.0,17.14,2.42,0.0,18,62,-44,-0.8998047459044756,26.253714498347108,27.153519244251584,3017.71,6,586.34,8,17
0xf72044fb3f98854411a069d9a682e54e4b824599,Gennedy,weather,43.97,14.24,16.16,8.57,0.0,5.0,89,42,47,17.271624820999023,39.5982174949977,22.326592673998675,129.27,3,0.0,2,18
0x118689b24aead1d6e9507b8068d056b2ec4f051b,russell110320,weather,39.2,19.7,0.0,14.29,0.22,5.0,92,27,65,92.69219655419874,56.6303835000017,-36.061813054197046,-38.9,5,53.25,5,19
0x36b88e8bb80cda741a4a96b12dda510e5d9dac4c,TroySimmons7450,weather,38.54,9.09,15.88,8.57,0.0,5.0,69,39,30,22.234999999999957,50.48499999999996,28.25,127.05,3,0.0,0,20
0x4c909ac428626679964140e37805e19d6e4bcd7b,SOSAKEEF300,weather,37.52,19.39,1.62,11.43,0.08,5.0,74,10,64,117.69756999999991,132.93638565699973,15.238815656999819,12.95,4,18.5,5,21
0x72c0ea5d759d9473d2ef0d9bf247c3709f4bd9ff,0x72c0ea5d759d9473d2ef0d9bf247c3709f4bd9ff,weather,36.97,15.15,0.0,5.71,11.1,5.0,77,27,50,112.389331317499,108.41550143381193,-3.973829883687074,-3.54,2,2691.69,2,22
0x1c266db0f8529b1f25b77123e9c0c918ac2f6e31,5atka,weather,35.38,12.42,0.0,5.71,12.24,5.0,78,37,41,106.691809078444,78.38218523523204,-28.309623843211952,-26.53,2,2968.52,2,23
0x08cf0b0fec3d42d9920bb0dfbc49fde635088cbc,HondaCivic2,weather,35.0,0.0,0.0,20.0,15.0,0.0,15,59,-44,490.13922798578824,23.087882831980096,-467.05134515380814,-95.29,7,12873.15,6,24
0x23520740f9b8b9c822f44e79967021118e8d154f,NoMoneyBuyIceCream,weather,33.89,0.0,0.0,14.29,14.61,5.0,11,44,-33,218.69933759163837,38.50394501008759,-180.19539258155078,-82.39,5,3541.91,3,25
0x54afee4c8f819886785612d5d69d04d69c87415e,RobertLong3632,weather,33.6,9.09,10.94,8.57,0.0,5.0,86,56,30,18.840000000000032,35.325000000000045,16.485000000000014,87.5,3,0.0,0,26
0xe95b292f40867a034ad7e11dbdcb9ff4208e1f15,drunktedkennedy,weather,33.53,15.15,7.66,5.71,0.0,5.0,99,49,50,21.52500000000003,34.71500000000002,13.189999999999987,61.28,2,0.0,2,27
0x97eb7ddf9139a3db0be99e81217e20546e219fbe,khalidakup,weather,32.64,1.21,0.0,11.43,15.0,5.0,13,9,4,503.410799484468,116.99198032599998,-386.418819158468,-76.76,4,8883.13,3,28
0xf4e92e9d6549eb51cc1eaa792f3f5614a1eea5af,Kycper,weather,32.48,11.82,0.67,14.29,0.71,5.0,51,12,39,54.31908910189918,57.22492063100026,2.9058315291010786,5.35,5,172.18,4,29
0xf085b86afe52a5587c7f7fb4dd05abfe265ca01f,JacobThomas7812,weather,32.11,6.67,11.87,8.57,0.0,5.0,63,41,22,24.95100000000005,48.64000000000007,23.68900000000002,94.94,3,0.0,0,30
0x594edb9112f526fa6a80b8f858a6379c8a2c1c11,0x594edB9112f526Fa6A80b8F858A6379C8A2c1C11-1762688003124,weather,31.74,3.03,0.0,20.0,8.24,0.47,14,4,10,495.51671480419463,82.4355504410014,-413.08116436319324,-83.36,7,1998.11,6,31
0xb40e89677d59665d5188541ad860450a6e2a7cc9,Poligarch,weather,31.73,0.3,0.0,11.43,15.0,5.0,17,16,1,414.79329547664474,48.71305274101178,-366.08024273563296,-88.26,4,13257.17,6,32
0xe8d5e8f502a857570936434ae005d5e9adcb1cae,kevinbest,weather,31.0,3.33,10.11,8.57,3.98,5.0,25,14,11,53.880000000000074,97.45500000000013,43.57500000000005,80.87,3,966.0,0,33
0xbcf87326767ebc7a6ed14923b104161d04380657,SaraBerry8704,weather,30.87,6.36,10.94,8.57,0.0,5.0,53,32,21,31.360000000000017,58.80000000000007,27.44000000000005,87.5,3,0.0,0,34
0xd1ee9ca3ad52c1d90aa67bb9ec18e3293e0b2867,JonathanKing1611,weather,30.87,6.36,10.94,8.57,0.0,5.0,54,33,21,31.240000000000062,58.575000000000045,27.334999999999983,87.5,3,0.0,0,35
0x16392afb3e6e94775507efa6997f3e37fc84e706,AnthonyNelson1362,weather,30.57,6.06,10.94,8.57,0.0,5.0,50,30,20,33.60000000000002,63.000000000000114,29.40000000000009,87.5,3,0.0,0,36
0x533d066d655ae6b2d27620d30c81a7af828de5ec,AnnaGallegos2885,weather,30.57,6.06,10.94,8.57,0.0,5.0,68,48,20,22.67999999999995,42.52500000000001,19.845000000000063,87.5,3,0.0,0,37
0x27567396f5ffd098b126080207579363d1a042ef,cyberzhiqi,weather,30.48,2.42,11.63,11.43,0.0,5.0,15,7,8,85.39999999999986,164.85,79.45000000000013,93.03,4,0.0,2,38
0x97784b5c4f9fe917c1e67a96f480aac61faf1d7b,JacquelineAnderson8778,weather,30.27,5.76,10.94,8.57,0.0,5.0,66,47,19,22.920000000000016,42.97500000000004,20.05500000000002,87.5,3,0.0,0,39
0x6d48f50966d209c4a477c176b0ba448f2e64d6f1,MalloryNorris9898,weather,29.96,6.06,10.33,8.57,0.0,5.0,47,27,20,36.26500000000004,66.23000000000005,29.965000000000003,82.63,3,0.0,0,40
0x61efb3e75b210afda3625b79c7793080baeab300,MarkAlvarado6511,weather,29.96,5.45,10.94,8.57,0.0,5.0,40,22,18,39.43999999999994,73.95000000000005,34.510000000000105,87.5,3,0.0,0,41
0xadbd38b5b1fa5ec86ab782a580acd5bb67d793f9,77771,weather,29.86,5.45,10.84,8.57,0.0,5.0,64,46,18,23.515000000000033,43.90500000000005,20.39000000000002,86.71,3,0.0,0,42
0x16a0ed77e2c5d7e6913767f40fa32df4229772f1,DerekWeber2446,weather,29.82,6.36,3.54,14.29,0.64,5.0,61,40,21,25.490000000000023,32.704999999999956,7.214999999999932,28.31,5,154.4,3,43
0x968fe634c0f1f8d005a5bff9983d625db023a539,uaenetwork,weather,29.19,2.73,10.04,11.43,0.0,5.0,18,9,9,78.32,141.21600000000004,62.89600000000004,80.31,4,0.0,2,44
0x001642baab53effeccdb67c434effab3da721b7a,whalesfriend,weather,29.16,6.36,9.0,8.57,0.23,5.0,99,78,21,15.315,26.34000000000001,11.025000000000011,71.99,3,56.0,0,45
0xbdcd1a99e6880b8146f61323dcb799bb5b243e9c,1pixel,weather,29.03,10.61,0.0,5.71,7.71,5.0,69,34,35,125.52964472897656,88.68126837903765,-36.84837634993892,-29.35,2,1868.65,2,46
0xfd8d4130d037d38ba3d1e7e4d89c8f65fe99038b,cryptotradernpc,weather,28.88,6.67,6.57,8.57,2.07,5.0,74,52,22,21.183455641258945,32.31697693499996,11.133521293741012,52.56,3,501.4,2,47
0x57dedd62596dd4f85c7ebe5317e07d22795ecd90,LCQZJJ,weather,28.57,0.0,0.0,8.57,15.0,5.0,27,79,-52,265.3601940054033,19.937946620000503,-245.42224738540278,-92.49,3,65012.28,5,48
0x2b2866a724e73bf45af306036f12f20170b4d021,syacxxa,weather,28.18,7.58,0.0,5.71,9.89,5.0,80,55,25,103.77463661174444,51.2979808289856,-52.47665578275884,-50.57,2,2397.37,2,49
0x9e174278b604e02f36804e98ce68c493b6930d52,kwb,weather,27.64,6.36,7.71,8.57,0.0,5.0,67,46,21,22.799999999999997,36.86,14.060000000000002,61.67,3,0.0,2,50
0x169a4a0c00e3808af80dd5038c32107befa055e4,ValerieGraham9908,weather,27.62,4.85,9.2,8.57,0.0,5.0,45,29,16,36.60100000000003,63.53400000000006,26.933000000000035,73.59,3,0.0,0,51
0x14c14d2e93f1e573014b426e06d48272177c6512,windsorcourthotel,weather,27.42,6.06,7.78,8.57,0.0,5.0,37,17,20,43.45999999999998,70.522,27.062000000000026,62.27,3,0.0,2,52
0x1697ae0874158094df88745c9a59f48ba7884cf6,papper,weather,27.34,6.06,7.71,8.57,0.0,5.0,38,18,20,43.25946132,69.936129134,26.676667813999998,61.67,3,0.0,2,53
0x588ce22fb2bf698e5a3f61447a44b3afe0ad1bf4,Drunken-Mentat,weather,27.22,13.64,0.0,8.57,0.01,5.0,90,45,45,31.224040582500265,28.034803696807785,-3.1892368856924804,-10.21,3,2.86,4,54
0xcd9d30094d5c30be701c6ce633013c0a5e8206b0,0xcD9d30094d5C30bE701c6CE633013C0A5e8206b0-1768422164277,weather,27.03,5.45,0.0,8.57,8.0,5.0,31,13,18,233.31548086842997,98.58455661049992,-134.73092425793004,-57.75,3,1939.86,5,55
0x9d22e0d11d9260d3ee4e8460a852c6582f3eda8b,JamesJones5612,weather,26.96,5.45,0.0,14.29,2.22,5.0,29,11,18,99.4050000000002,67.11500000000005,-32.29000000000015,-32.48,5,539.4,2,56
0x087832036d877284a544d4b4d45bc0ce27a97b50,Halfa-Beta,weather,26.72,1.82,0.0,14.29,5.61,5.0,75,69,6,38.20615080003728,23.111890767500313,-15.094260032536965,-39.51,5,1361.08,3,57
0x348a45c86f8111b0f2b4f8fe870ac0c78def9c6b,A52852,weather,26.52,5.76,0.0,20.0,0.76,0.0,58,39,19,49.974698549999744,33.05125999999893,-16.92343855000081,-33.86,7,185.41,4,58
0x89b44e69ef23081e604282b4c5f7aa8e4c1355bc,OroshiKaze,weather,26.05,6.36,0.0,5.71,8.97,5.0,97,76,21,89.99937756595864,38.179013407996536,-51.8203641579621,-57.58,2,2175.32,2,59
0xde9c22817bc7801b09825e9c8fe31938d594b418,MichelleContreras8193,weather,26.0,4.55,7.89,8.57,0.0,5.0,78,63,15,19.789999999999992,32.275000000000034,12.485000000000042,63.09,3,0.0,0,60
0x331bf91c132af9d921e1908ca0979363fc47193f,BeefSlayer,weather,25.79,0.0,0.0,11.43,9.36,5.0,3,89,-86,1846.67752973789,17.416152582005452,-1829.2613771558845,-99.06,4,2270.69,5,61
0xbc8405b2c4149332c835ebb7e29e68e53eaba0d2,whoaliku,weather,25.71,0.0,0.0,5.71,15.0,5.0,6,23,-17,942.9868243766994,122.3852286477005,-820.6015957289989,-87.02,2,18773.72,2,62
0x50bc01222e7e4f76dd94d908f00913299052d38f,0x50bc01222e7e4f76dd94d908f00913299052d38f,weather,25.71,0.0,0.0,5.71,15.0,5.0,4,4,0,243.71236547231,243.71236547231,0.0,0.0,2,33197.04,0,63
0xf2f6af4f27ec2dcf4072095ab804016e14cd5817,gopfan2,weather,25.71,0.0,0.0,5.71,15.0,5.0,9,33,-24,236.16834267176455,45.19046386360424,-190.9778788081603,-80.87,2,5462.11,3,64
0x4ffe49ba2a4cae123536a8af4fda48faeb609f71,planktonXD,weather,25.71,0.0,0.0,5.71,15.0,5.0,14,35,-21,53.192628787897775,37.25672601696624,-15.935902770931534,-29.96,2,11133.21,0,65
0x5c06a39b73ac0a7c6d7fa6761bdc60f3cb4fd8b9,0x5c06a39b73AC0A7c6d7FA6761bDc60f3cB4Fd8b9-1767271670920,weather,25.62,4.55,7.5,8.57,0.0,5.0,97,82,15,15.610138725000011,24.976221960000032,9.366083235000021,60.0,3,0.0,0,66
0x8c1026f774fe33016fb36d5f18f5e791d3e0d7b3,Palace8709,weather,25.51,0.0,0.0,20.0,1.51,4.0,2,8,-6,538.1403120850001,66.31301737199965,-471.82729471300047,-87.68,7,365.39,4,67
0x8fe70c889ce14f67acea5d597e3d0351d73b4f20,amused85,weather,25.49,10.91,3.86,5.71,0.0,5.0,51,15,36,40.425291559999096,52.92357732200071,12.498285762001615,30.92,2,0.0,3,68
0x24dab6fd6b8dc51c7896f0c9aa7d1dcdb4944c6d,Luckyup,weather,25.04,0.0,0.0,5.71,14.32,5.0,42,47,-5,172.30907766380392,60.31324389516507,-111.99583376863885,-65.0,2,3472.56,2,69
0xd5e7e55ab3f4543e60193ab26f5531b8943bebdc,jobsintech,weather,24.92,3.64,7.71,8.57,0.0,5.0,27,15,12,51.18000000000001,82.74100000000001,31.561000000000007,61.67,3,0.0,2,70
0xcbf9ddd4e9f5f89da5bf49a0f59f2127d1c464f1,giss,weather,24.78,3.33,7.87,8.57,0.0,5.0,65,54,11,22.93765733249984,37.383487650000006,14.445830317500167,62.98,3,0.0,0,71
0xadd84719d8bc48ad6a69b181a6e8881e5f744edb,Winwin2025,weather,24.58,10.3,0.0,5.71,3.56,5.0,73,39,34,118.43100984000012,75.43329768000058,-42.99771215999954,-36.31,2,863.94,2,72
0xf963af2a952dfe8becca78ec63c888dd967055e4,nizami,weather,24.53,5.76,0.0,17.14,0.83,0.8,74,55,19,38.40483701736753,24.80793475399923,-13.596902263368296,-35.4,6,202.25,4,73
0xb392b0234600393289f7a5a0dc32af604ea0fc73,Berkaja,weather,24.05,0.0,0.0,5.71,13.33,5.0,26,45,-19,268.33367229890405,65.52624118189101,-202.80743111701304,-75.58,2,3233.11,2,74
0xf13242c0f5ed15fe9aec0c5eab40a2a8dbafc706,Supn,weather,23.87,6.36,0.0,5.71,6.79,5.0,46,25,21,151.57568366543092,43.43518152205604,-108.14050214337487,-71.34,2,1647.52,4,75
0x1d23625c854e7bd28942ab40ba3b2a5f133baa07,VickiWilliams3667,weather,23.72,2.73,7.42,8.57,0.0,5.0,28,19,9,50.90999999999997,81.15000000000003,30.240000000000066,59.4,3,0.0,0,76
0x08c9e648f81515587b977f999d916f75145abee7,ticketrefunds,weather,23.7,2.42,7.71,8.57,0.0,5.0,22,14,8,58.860000000000014,95.15699999999998,36.29699999999997,61.67,3,0.0,2,77
0x1a044c41fd6989a056d25d03689f067dd9c62310,JohnLane8295,weather,23.46,3.64,6.25,8.57,0.0,5.0,49,37,12,33.81,50.715,16.905,50.0,3,0.0,0,78
0xb96d5463b9ee395f661fd70e2e038ec4329c0901,d0onk,weather,23.15,3.33,6.25,8.57,0.0,5.0,79,68,11,19.599401360000016,29.399102040000017,9.79970068,50.0,3,0.0,0,79
0xa78eb4673d71b5cd627a43f22fbc5039d8b474b0,BradJenkins1631,weather,23.15,3.33,6.25,8.57,0.0,5.0,85,74,11,18.84999999999999,28.27500000000001,9.425000000000018,50.0,3,0.0,0,80
0xd240c2a4fccabeb9f63163d84f9695817f59562c,Roomservice,weather,23.15,0.0,0.0,5.71,12.44,5.0,64,95,-31,44.23692357099321,16.731424505500627,-27.505499065492586,-62.18,2,3015.76,3,81
0x00c283c85c71f658af662912705a33299ae51be5,73070,weather,22.99,11.21,0.0,5.71,1.07,5.0,92,55,37,31.08000000000004,27.793000000000035,-3.287000000000006,-10.58,2,259.0,2,82
0xff786965fa48e17dfaf320276fc42fac334ddf44,sakula1,weather,22.92,0.0,0.0,11.43,6.49,5.0,8,38,-30,246.7481554380995,50.59344021999982,-196.15471521809968,-79.5,4,1573.48,1,83
0x50eb12924491f0c2d5319bd59231d2a1cb0bc59f,charleyklein,weather,22.55,2.73,6.25,8.57,0.0,5.0,17,8,9,79.52000000000004,119.28000000000004,39.760000000000005,50.0,3,0.0,0,84
0x5be78a70576151eaf4d939c6d3667f2ca84b46ee,JasonHernandez7601,weather,22.55,2.73,6.25,8.57,0.0,5.0,73,64,9,21.28,31.920000000000016,10.640000000000015,50.0,3,0.0,0,85
0x43c96578f7918928514475bd572fd09c7eb547c1,0x9243,weather,21.94,2.12,6.25,8.57,0.0,5.0,12,5,7,99.67999999999996,149.51999999999998,49.84000000000002,50.0,3,0.0,0,86
0xe2a5def8aa689dd1bc93e1291fb04e84ed0fb42c,elibelly,weather,21.94,2.12,6.25,8.57,0.0,5.0,59,52,7,26.879999999999995,40.32000000000002,13.440000000000026,50.0,3,0.0,0,87
0xff0c0db38601d375f717b6f897470b9a2c8a36ee,JoshuaClark2252,weather,21.94,2.12,6.25,8.57,0.0,5.0,41,34,7,38.98999999999998,58.484999999999985,19.495000000000005,50.0,3,0.0,0,88
0xe13028dfca207d81dcd4462c0ff08a04507fa432,TravisGordon5320,weather,21.64,1.82,6.25,8.57,0.0,5.0,26,20,6,51.65999999999997,77.49000000000001,25.83000000000004,50.0,3,0.0,0,89
0x37195813defaa198f9df7751130e4e00ebf6bd84,johnmagnier,weather,21.47,3.64,0.0,11.43,1.4,5.0,100,88,12,28.135000000000066,23.50500000000008,-4.629999999999985,-16.46,4,340.5,1,90
0xbfa64469155a6e6388f32cf70bdf3640045a4eb6,espgianca,weather,21.38,10.3,0.0,5.71,0.37,5.0,82,48,34,101.957181875,59.341218850000175,-42.61596302499983,-41.8,2,88.94,2,91
0x02319ffcf7214a5ca8e972d409320c935ea545d0,mpoxmillionare,weather,21.16,0.0,0.66,8.57,6.93,5.0,30,36,-6,50.4931224549955,53.14672751399485,2.6536050589993465,5.26,3,1681.35,0,92
0x2203ad4f658a0e7102f0fd067f25e5ce8a2ca693,OrcaQuant,weather,20.88,0.0,0.0,8.57,7.31,5.0,52,71,-19,31.75321018068007,28.71291059767964,-3.0402995830004294,-9.57,3,1772.23,0,93
0x53b709a7ca2a64efece50ee947928bc5ed744146,whoo6,weather,20.27,3.33,0.0,11.43,0.5,5.0,88,77,11,31.720000000000027,26.840000000000032,-4.8799999999999955,-15.38,4,122.0,1,94
0x1100c93226a148b2c23a6bcf22409fb01782815e,DanielCross1859,weather,20.19,0.91,0.0,14.29,0.0,5.0,91,88,3,17.0,14.610000000000014,-2.3899999999999864,-14.06,5,0.0,3,95
0x874aeebb8791ab80ccf433939882a55d0e26d584,luukdao,weather,20.12,0.0,0.0,14.29,0.83,5.0,10,63,-53,235.4000000000001,24.904999999999973,-210.49500000000012,-89.42,5,202.2,2,96
0xd934049d1369190c9307fff692211cd323cd60a0,0xD934049d1369190c9307FfF692211cd323cD60A0-1723092059589,weather,20.11,9.39,0.0,5.71,0.0,5.0,44,13,31,67.51491499999884,57.37435000000005,-10.140564999998787,-15.02,2,0.0,2,97
0xcf37bbb2c1687b70ea553b6fe05f740251d7993f,rocky42004,weather,20.02,0.0,0.0,11.43,3.59,5.0,42,47,-5,68.97434000701799,29.992321261622298,-38.98201874539569,-56.52,4,871.18,2,98
0xf8aefc61e80b7a57c3f2b22a9286c2dded27bb88,ShelleyKlein7975,weather,19.66,2.42,0.0,11.43,0.81,5.0,90,82,8,17.19500000000002,15.639999999999937,-1.555000000000085,-9.04,4,195.25,3,99
0x39b4c4034936fe89337218340eb3107686363258,fundas,weather,19.62,2.42,0.0,11.43,0.76,5.0,26,18,8,110.34999999999997,82.92500000000013,-27.42499999999984,-24.85,4,185.0,1,100
0x217eec8d16d948ebf2634e3a15871ef320bc09de,JosephGould9665,weather,19.3,0.91,0.0,11.43,1.97,5.0,11,8,3,114.41999999999985,76.27999999999997,-38.13999999999987,-33.33,4,476.75,1,101
0x02bfa8dce65000f3d7962c616a539b51e17e2c62,67wigger,weather,19.29,0.0,0.0,14.29,0.0,5.0,7,99,-92,313.8103401385001,16.516333691499995,-297.29400644700013,-94.74,5,0.0,3,102
0xcb25e39e76ef6fc1d5f0703e3d6cead161905b6b,EricLiu6765,weather,19.11,4.55,0.94,8.57,0.05,5.0,68,53,15,23.75,25.52999999999998,1.7799999999999798,7.49,3,13.33,1,103
0xc8ab97a9089a9ff7e6ef0688e6e591a066946418,ArmageddonRewardsBilly,weather,19.0,1.52,0.0,11.43,1.06,5.0,8,3,5,149.99652389578569,103.14070688800255,-46.85581700778313,-31.24,4,256.05,1,104
0x82a7aefe99b8b231bd600b8f61b249ba96f8afb5,drigues,weather,18.4,0.0,0.0,11.43,1.97,5.0,20,48,-28,69.57499999999997,29.769999999999985,-39.80499999999999,-57.21,4,478.25,1,105
0x8de5f64b6466d9ebec97909f78a11762a46f9416,AlexanderDavis4886,weather,18.09,0.0,0.0,11.43,1.67,5.0,17,69,-52,161.2,29.14500000000004,-132.05499999999995,-81.92,4,403.75,1,106
0x3744e6bfe057f2bcb5f36ff261b8c0030c8c5963,Rick199,weather,18.01,0.0,0.0,11.43,1.58,5.0,75,97,-22,20.75158841870808,16.647069399999936,-4.104519018708146,-19.78,4,383.44,2,107
0xb86efeaca780ba45d8f66814e99dbbde3629e0ec,pichwish,weather,17.87,0.0,0.0,8.57,4.3,5.0,6,52,-46,316.14000000000004,25.59869999999995,-290.5413000000001,-91.9,3,1042.53,4,108
0x5c51e47a0b3b0c2b46c8d103139dc91f1388a829,BrianJohnson4666,weather,17.77,0.0,0.0,11.43,1.35,5.0,24,70,-46,116.347,22.960000000000008,-93.38699999999999,-80.27,4,326.25,3,109
0x7b236f1d45af652bd89df5c95ee446c393b10d60,ahhdumbo,weather,17.67,0.0,0.0,11.43,1.24,5.0,4,35,-31,392.8589999999999,35.169500000000085,-357.68949999999984,-91.05,4,300.75,2,110
0xa0e9fe787b0573d6d124cf48123891f513c06c44,RMGG,weather,17.16,0.0,3.59,8.57,0.0,5.0,87,94,-7,17.567464599999973,22.60649509999998,5.039030500000006,28.68,3,0.0,0,111
0x4e25605fd905e9972efc0f4d8814530c655cd7a7,0x4e25605fd905e9972efc0f4d8814530c655cd7a7,weather,17.14,0.0,0.0,17.14,0.0,0.0,14,31,-17,176.74180499999966,40.30201834000036,-136.4397866599993,-77.2,6,0.0,4,112
0xe4053a10837fe8a9780955122fc232c881a7bf91,0x3dA304b247F16E,weather,17.14,0.0,0.0,17.14,0.0,0.0,77,100,-23,36.84782844000007,16.37681263999997,-20.471015800000103,-55.56,6,0.0,3,113
0xce5555e13158a782baa85771c4de788486c2c888,HeidiJohnson3721,weather,17.04,0.0,0.0,11.43,0.61,5.0,15,16,-1,168.435,89.80500000000006,-78.62999999999994,-46.68,4,147.75,1,114
0xd215604aaf30cfef99482dbd1deed7ab47eab4ee,DavidGallegos6707,weather,16.77,0.0,0.0,5.71,6.05,5.0,96,96,0,15.889999999999986,15.889999999999986,0.0,0.0,2,1468.0,0,115
0xb1e36d0a504311ff1d682f2e57fa1c35c19aa50c,gggggg333,weather,16.52,0.0,0.0,11.43,0.09,5.0,34,91,-57,48.20101730649999,17.34310270599994,-30.857914600500052,-64.02,4,21.38,2,116
0xacb17893f0ccfe3efa8169dfb97422956db56de8,HaleyCampbell4550,weather,16.43,0.0,0.0,11.43,0.0,5.0,70,78,-8,21.76000000000004,20.79000000000002,-0.9700000000000202,-4.46,4,0.0,2,117
0x74db2780445d9b7b10e8a650db1b94f8e53c4ca5,vk7,weather,16.43,0.0,0.0,11.43,0.0,5.0,19,35,-16,151.99991450000005,55.99996850000002,-95.99994600000002,-63.16,4,0.0,1,118
0x823ce4f5754bce96d4f19aad58e6d643b9ab5046,pedro4prez,weather,16.43,0.0,0.0,11.43,0.0,5.0,31,58,-27,94.999819386,34.9999334580001,-59.9998859279999,-63.16,4,0.0,1,119
0x8afbe0620e2e2007c680b28b12250531d4ca7f1c,589985,weather,16.43,0.0,0.0,11.43,0.0,5.0,30,57,-27,95.22192000000008,35.08176000000003,-60.14016000000005,-63.16,4,0.0,1,120
0x98d973b69565d3564b39f364cc1bf73a62db2c8c,GoodOldBogan,weather,16.01,0.0,0.0,5.71,5.29,5.0,5,67,-62,354.25298625822495,24.862058754999737,-329.3909275032252,-92.98,2,1283.63,3,121
0xec0c615f466277c8a3593f8b1c7c5585db868589,weather.fanatic,weather,15.25,0.0,0.0,5.71,4.54,5.0,33,45,-12,89.01839373250039,38.37097096250005,-50.64742277000033,-56.9,2,1099.82,3,122
0xb83e5883b9181e23e86479c078b53faf5fd710fc,3-2is1,weather,14.71,0.3,3.7,5.71,0.0,5.0,33,32,1,36.18999999999999,46.89000000000003,10.700000000000038,29.57,2,0.0,1,123
0x4959175440b8f38229b32f2f036057f6893ea6f5,Majas,weather,14.68,0.0,0.0,5.71,3.96,5.0,53,57,-4,40.2954945036422,24.096251307617877,-16.199243196024327,-40.2,2,961.06,3,124
0xe1cb5999dfa7b76526039976f8fe13f0bc85933e,BenjaminBlack9043,weather,14.66,0.0,0.0,5.71,3.95,5.0,18,84,-66,153.36999999999998,24.435000000000116,-128.93499999999986,-84.07,2,957.5,1,125
0xd2d61964ebda663e5ec0da885e7480f7a38bb8e3,CHESTR,weather,14.5,0.91,0.0,5.71,2.88,5.0,22,19,3,127.98576331517506,49.91008233799994,-78.07568097717513,-61.0,2,698.19,2,126
0xa45cdb0a5ba4629b5c7860dc3f310978a4dd1d10,lockg,weather,14.29,0.0,0.0,5.71,3.57,5.0,3,97,-94,441.00833722000016,13.360000000000582,-427.6483372199996,-96.97,2,866.42,4,127
0x62e128f31c3e5a64a1829a272066edc54fd14e25,gameonnow,weather,14.22,0.0,0.65,8.57,0.0,5.0,39,49,-10,39.94210760799997,42.02772760799998,2.085620000000006,5.22,3,0.0,0,128
0xefc09c0a2d532f1e5542e6196dd443235f402193,pfffjsptjrspas,weather,14.14,0.3,0.26,8.57,0.0,5.0,14,13,1,95.95931323200008,97.98303910449998,2.023725872499895,2.11,3,0.0,0,129
0xcf8daa8fce8772c21467fb393b397499e809c149,tox075,weather,13.61,0.0,0.0,8.57,0.04,5.0,21,28,-7,67.72461522000015,64.56876450000013,-3.155850720000018,-4.66,3,10.0,0,130
0x6fc9c51c0145b8745788c959b9ee87fdcf2863b2,LanceNaITRON,weather,13.58,0.0,0.0,8.57,0.0,5.0,40,56,-16,177.47731092999987,24.346035050000182,-153.1312758799997,-86.28,3,1.11,6,131
0x006829f9ddf34aad7d34f56ad0ec0c18d1791b85,Alemdar2323,weather,13.57,0.0,0.0,8.57,0.0,5.0,43,66,-23,36.80116591800003,30.428377177499947,-6.372788740500084,-17.32,3,0.0,0,132
0x0ac7fc4e3d835175f2859dd10bcd947d8a700757,0x0ac7fc4e3d835175f2859dd10bcd947d8a700757,weather,13.57,0.0,0.0,8.57,0.0,5.0,87,94,-7,96.74336647500002,13.459946639999998,-83.28341983500002,-86.09,3,0.0,6,133
0xbf5f75474cef2688aaa731f4dc2c7837c0c981c0,AlexisRay5314,weather,13.57,0.0,0.0,8.57,0.0,5.0,43,54,-11,32.065,25.14000000000003,-6.924999999999969,-21.6,3,0.0,2,134
0xa3fbca7ba66ac136316557208eb8cf1d0da44a87,LSRSSS,weather,13.57,0.0,0.0,8.57,0.0,5.0,89,99,-10,95.16250000000002,13.240000000000007,-81.92250000000001,-86.09,3,0.0,6,135
0x2bc8ba8fe0b8b8913ea4f6b53eb5369c8cbab4da,helvetic-samba,weather,12.82,1.52,0.0,5.71,0.59,5.0,81,76,5,35.33678019977401,26.996385755938036,-8.340394443835976,-23.6,2,143.23,1,136
0xe17ba51f712443bc32201e9ee50afc566d736f98,cledo,weather,12.56,0.3,0.0,5.71,1.54,5.0,99,98,1,28.276527240000064,17.052399999999917,-11.224127240000147,-39.69,2,373.86,2,137
0xc036c0d767e955a0d355cc1f2895b4e2cb2530d4,Divv94,weather,12.49,0.0,0.0,5.71,1.78,5.0,17,22,-5,47.209515573168034,46.26018192716802,-0.9493336460000137,-2.01,2,431.53,0,138
0x7d58336a73356bf19913b66d74862ad8b5e3938e,FortisFortunaAdiuvat,weather,12.41,0.0,0.0,5.71,1.7,5.0,98,98,0,15.590603070000071,15.590603070000071,0.0,0.0,2,411.37,0,139
0xca2892474484023320b99aa7773ae935cb052f7c,jjbo,weather,11.93,1.21,0.0,5.71,0.0,5.0,70,66,4,123.5170641049999,24.15184280999995,-99.36522129499996,-80.45,2,0.0,4,140
0x0f37cb80dee49d55b5f6d9e595d52591d6371410,Hans323,weather,11.4,0.0,0.0,5.71,0.68,5.0,3,3,0,263.1187458797649,263.1187458797649,0.0,0.0,2,165.68,0,141
0xd6f2d5f64ed9992f5419f939ff3f950a56ea09ba,Ym888888,weather,11.26,0.0,0.0,5.71,0.54,5.0,35,92,-57,81.011574799214,18.14531023500001,-62.86626456421399,-77.6,2,131.28,2,142
0x3a7e5729d7074662096d42288d5945a96e3378b1,pinganxile361,weather,11.16,0.0,0.0,5.71,0.45,5.0,83,83,0,19.266160299000035,19.266160299000035,0.0,0.0,2,108.97,0,143
0x40416ec8233566b9e25cca160bba214b1cab6f52,Terry241129,weather,10.78,0.0,0.0,5.71,0.06,5.0,28,38,-10,39.22349694499917,33.545534447289356,-5.677962497709814,-14.48,2,15.72,2,144
0x0b5442f404e7c8bc28c0530b6f3046a6bada5eff,0xwon,weather,10.78,0.0,0.0,5.71,0.07,5.0,55,86,-31,30.706500000000233,14.82949999999994,-15.877000000000292,-51.71,2,16.5,1,145
0xb59fd80065545f34376d3237d592289510feb2af,0xB59FD80065545f34376d3237D592289510feb2AF-1768648019284,weather,10.71,0.0,0.0,5.71,0.0,5.0,100,100,0,15.264000000000124,15.264000000000124,0.0,0.0,2,0.0,0,146
0xb9e68dc11b1c4b5e37a69de1ad8f0003c3ad2f0f,Dannnyboi,weather,10.71,0.0,0.0,5.71,0.0,5.0,7,43,-36,80.55612915500001,39.44162125150001,-41.1145079035,-51.04,2,0.0,1,147
0x418f8dfdf27d01ef85963b2c60bfaec161c644fa,wassapdoc,weather,10.71,0.0,0.0,5.71,0.0,5.0,42,42,0,37.56578831499996,37.56578831499996,0.0,0.0,2,0.0,0,148
0x4f84cb44859f4963d58f03081632828966336f7e,0x4f84cb44859f4963d58f03081632828966336f7e,weather,10.71,0.0,0.0,5.71,0.0,5.0,95,95,0,16.225777303500024,16.225777303500024,0.0,0.0,2,0.0,0,149
0x0a609ef7ae607ccb8a886d5802f3f3befb0e719d,0x0A609ef7ae607ccB8A886d5802f3f3befb0e719d-1769228495470,weather,10.71,0.0,0.0,5.71,0.0,5.0,94,94,0,16.490307200000004,16.490307200000004,0.0,0.0,2,0.0,0,150
0xd80ab547a8a856c8aa11bf013b3125d12330d20e,vc-b,weather,10.71,0.0,0.0,5.71,0.0,5.0,84,86,-2,100.28177525499996,20.16046310999991,-80.12131214500005,-79.9,2,0.0,4,151
0x1fb70687436e12dc7d1307e657d1d752177f61e9,Zhmil,weather,10.71,0.0,0.0,5.71,0.0,5.0,60,60,0,25.499997612500117,25.499997612500117,0.0,0.0,2,0.0,0,152
0xd0847848bebf06d32e2e89c9c3e3f727a35f27ea,copyjutsu,weather,10.71,0.0,0.0,5.71,0.0,5.0,84,84,0,19.18504355550005,19.18504355550005,0.0,0.0,2,0.0,0,153
